,codmunicipio,1998,1999,2000,2001,2002,2003,2004,2005,2006,2007,2008,2009,2010,2011,2012,2013,2014,2015,2016,2017,2018,MUNICIPIO,codptore,DPTO
0,01999,6,3,5,0,1,2,0,1,0,0,0,0,0,0,0,0,0,0,0,0,0,0,01,0
1,05001,117,140,152,121,156,181,166,138,181,168,179,192,197,206,213,223,236,223,256,272,243,medellin,05,Antioquia
2,05002,0,0,1,0,0,0,1,2,0,0,1,0,1,0,0,2,1,1,4,1,0,abejorral,05,Antioquia
3,05004,0,0,0,0,0,0,0,0,0,0,0,0,0,0,0,0,2,1,0,1,0,abriaqui,05,Antioquia
4,05021,1,0,0,0,0,0,0,0,0,0,0,0,0,0,0,0,0,0,0,0,0,alejandria,05,Antioquia
5,05030,0,1,2,0,0,1,0,1,1,0,0,1,3,4,1,1,2,1,3,3,1,amaga,05,Antioquia
6,05031,1,2,0,1,1,0,0,0,0,0,2,1,0,2,1,0,2,4,0,0,2,amalfi,05,Antioquia
7,05034,1,1,0,1,1,6,3,2,0,2,1,2,3,3,2,2,4,2,3,3,1,andes,05,Antioquia
8,05036,0,0,0,0,0,0,1,0,0,0,0,0,0,0,0,0,0,1,0,0,0,angelopolis,05,Antioquia
9,05038,0,0,0,1,3,0,0,0,0,0,0,0,0,0,0,0,1,0,0,0,0,angostura,05,Antioquia
10,05040,0,0,0,0,0,0,1,0,2,0,0,1,2,0,1,1,0,0,0,0,0,anori,05,Antioquia
11,05042,3,1,0,0,0,0,1,0,1,3,0,0,2,3,0,1,0,2,0,3,3,santa fe de antioquia,05,Antioquia
12,05044,0,0,1,0,0,0,0,0,0,0,0,0,0,0,2,0,0,0,0,0,0,anza,05,Antioquia
13,05045,1,2,2,2,4,3,2,5,1,4,5,3,3,8,5,3,8,5,2,6,8,apartado,05,Antioquia
14,05051,1,0,1,0,0,1,0,0,1,2,0,0,2,1,2,1,1,0,0,1,1,arboletes,05,Antioquia
15,05055,0,1,0,0,1,0,0,0,1,1,2,0,0,0,2,1,0,0,0,1,0,argelia,05,Antioquia
16,05059,0,0,0,0,0,0,0,0,0,0,1,0,1,0,0,0,0,0,0,0,0,armenia,05,Antioquia
17,05079,3,2,3,2,3,1,5,1,1,0,0,2,1,4,3,2,1,5,2,5,2,barbosa,05,Antioquia
18,05086,0,0,0,0,0,0,0,0,0,1,0,1,1,0,0,0,1,0,0,0,0,belmira,05,Antioquia
19,05088,19,19,18,26,16,26,19,25,31,20,16,31,20,20,28,26,32,32,28,43,38,bello,05,Antioquia
20,05091,0,0,0,1,0,0,0,0,0,0,1,0,1,0,0,0,0,2,0,0,0,betania,05,Antioquia
21,05093,0,0,1,0,1,0,0,1,0,0,0,1,0,1,1,0,1,1,1,1,5,betulia,05,Antioquia
22,05101,2,1,0,4,4,4,3,1,1,2,3,2,3,4,2,3,1,2,1,3,0,ciudad bolivar,05,Antioquia
23,05107,0,0,0,1,0,0,1,0,1,0,0,0,0,0,0,0,0,0,0,0,0,briceno,05,Antioquia
24,05113,0,0,0,0,0,1,0,0,0,0,0,0,0,0,0,0,0,0,0,0,0,buritica,05,Antioquia
25,05120,1,0,1,1,0,1,0,0,1,1,1,0,1,0,0,0,0,0,0,0,0,caceres,05,Antioquia
26,05125,1,0,1,1,0,0,0,1,1,1,0,0,0,0,1,0,2,0,1,0,1,caicedo,05,Antioquia
27,05129,2,4,2,3,3,4,6,4,3,1,2,9,5,4,2,4,7,6,6,7,5,caldas,05,Antioquia
28,05134,0,0,0,0,0,0,0,0,1,0,1,1,1,0,0,1,0,0,0,0,0,campamento,05,Antioquia
29,05138,0,1,0,0,0,2,0,1,1,0,0,0,1,1,1,1,2,1,0,1,0,canasgordas,05,Antioquia
30,05142,0,0,1,0,0,1,1,0,0,0,0,1,0,0,0,0,0,0,0,2,0,caracoli,05,Antioquia
31,05145,0,0,0,2,0,1,0,0,0,1,0,0,0,0,0,0,1,0,0,2,0,caramanta,05,Antioquia
32,05147,1,1,0,0,0,0,0,1,0,0,1,1,3,1,1,3,2,4,0,2,1,carepa,05,Antioquia
33,05148,2,1,1,3,0,1,3,2,0,0,0,0,2,0,2,1,2,2,1,0,2,el carmen de viboral,05,Antioquia
34,05150,0,0,0,2,0,0,0,0,0,0,1,1,0,0,0,0,0,0,0,0,0,carolina,05,Antioquia
35,05154,1,2,2,7,3,1,1,5,2,2,2,1,0,2,2,3,3,5,3,3,4,caucasia,05,Antioquia
36,05172,3,0,1,1,0,0,0,0,0,1,2,1,1,1,4,1,0,0,0,3,2,chigorodo,05,Antioquia
37,05190,0,1,0,0,0,0,2,0,0,0,0,0,0,1,0,1,1,1,0,0,0,cisneros,05,Antioquia
38,05197,1,0,0,0,2,1,0,0,0,0,0,0,0,0,0,0,0,0,1,1,0,cocorna,05,Antioquia
39,05206,0,0,1,0,1,0,0,0,0,0,0,0,0,3,0,0,1,0,0,0,0,concepcion,05,Antioquia
40,05209,0,0,1,1,0,0,0,1,1,1,1,0,1,1,0,2,0,5,2,1,2,concordia,05,Antioquia
41,05212,3,2,5,2,3,3,4,2,3,7,4,6,5,2,4,7,4,4,5,5,7,copacabana,05,Antioquia
42,05234,0,0,0,0,1,2,1,0,0,0,0,0,0,0,0,1,1,1,0,2,1,dabeiba,05,Antioquia
43,05237,2,0,0,1,1,0,1,0,2,1,1,0,0,2,2,0,0,1,0,0,3,donmatias,05,Antioquia
44,05240,1,0,0,0,1,0,0,0,0,0,1,0,2,0,0,0,0,0,0,1,2,ebejico,05,Antioquia
45,05250,0,0,2,1,1,1,1,0,0,0,1,2,3,3,0,2,2,2,0,0,4,el bagre,05,Antioquia
46,05264,1,0,0,0,0,0,1,0,0,2,0,0,0,0,0,2,1,0,1,1,3,entrerrios,05,Antioquia
47,05266,12,10,11,8,9,14,19,15,13,14,15,18,19,18,25,27,17,21,15,24,28,envigado,05,Antioquia
48,05282,1,1,2,1,0,0,1,1,1,1,0,0,3,1,0,0,0,1,2,0,1,fredonia,05,Antioquia
49,05284,0,0,1,0,1,0,1,1,0,0,0,1,0,0,0,3,0,1,0,0,0,frontino,05,Antioquia
50,05306,0,0,1,0,0,0,0,0,0,1,0,0,0,0,0,0,0,0,0,0,0,giraldo,05,Antioquia
51,05308,2,3,1,2,1,3,2,1,2,3,1,0,4,4,1,3,5,2,2,5,4,girardota,05,Antioquia
52,05310,0,2,0,0,1,1,1,0,0,0,0,0,3,1,1,1,0,0,0,1,1,gomez plata,05,Antioquia
53,05313,1,0,0,1,0,0,0,1,0,0,1,0,1,2,0,0,0,1,0,1,0,granada,05,Antioquia
54,05315,0,0,0,0,1,0,0,0,0,0,0,0,0,1,0,0,0,0,0,0,0,guadalupe,05,Antioquia
55,05318,1,0,2,0,1,2,1,0,2,1,2,2,0,0,4,5,0,1,3,6,1,guarne,05,Antioquia
56,05321,0,0,0,1,0,0,0,0,0,1,0,0,0,0,0,0,0,0,1,0,1,guatape,05,Antioquia
57,05347,0,0,0,0,0,0,0,1,0,0,0,0,0,0,1,0,0,0,0,0,0,heliconia,05,Antioquia
58,05353,0,0,0,0,0,0,1,0,0,0,0,0,1,1,1,0,0,0,0,0,1,hispania,05,Antioquia
59,05360,12,18,8,14,10,10,18,19,15,12,10,16,21,11,16,14,17,16,23,28,25,itagui,05,Antioquia
60,05361,0,0,0,0,1,1,0,0,0,0,2,0,3,1,0,0,0,0,1,0,2,ituango,05,Antioquia
61,05364,2,0,0,1,2,0,1,2,0,0,0,1,0,1,2,0,1,4,1,0,1,jardin,05,Antioquia
62,05368,1,2,0,2,0,2,0,2,0,0,1,3,1,0,2,1,0,1,3,0,0,jerico,05,Antioquia
63,05376,1,6,0,1,0,3,1,3,3,3,7,3,2,3,5,3,1,4,4,4,7,la ceja,05,Antioquia
64,05380,4,0,3,2,2,1,4,7,3,3,1,2,2,3,3,3,4,2,6,1,6,la estrella,05,Antioquia
65,05390,0,0,0,2,0,1,0,0,1,0,2,1,0,2,0,0,0,1,1,0,0,la pintada,05,Antioquia
66,05400,0,1,0,0,0,0,1,0,0,1,1,2,1,0,0,1,0,1,1,2,2,la union,05,Antioquia
67,05411,0,0,0,1,0,0,1,1,1,0,0,0,0,0,2,2,1,0,2,0,1,liborina,05,Antioquia
68,05425,0,0,1,0,0,0,1,0,0,1,0,1,0,0,0,1,0,0,0,0,0,maceo,05,Antioquia
69,05440,0,2,2,2,0,1,1,0,1,1,1,4,1,0,2,2,5,0,2,2,5,marinilla,05,Antioquia
70,05467,0,1,1,1,1,0,1,2,0,0,0,0,0,0,0,0,0,1,0,0,0,montebello,05,Antioquia
71,05480,0,0,0,0,0,0,1,0,0,0,0,0,0,0,0,0,0,0,0,1,0,mutata,05,Antioquia
72,05483,0,1,0,0,0,0,0,0,0,0,0,1,0,0,1,0,1,0,0,0,0,narino,05,Antioquia
73,05490,0,0,0,0,0,0,0,0,0,0,1,1,0,3,1,4,0,1,0,1,1,necocli,05,Antioquia
74,05495,0,0,0,0,0,0,0,0,0,0,0,0,0,0,0,0,1,0,0,0,0,nechi,05,Antioquia
75,05501,0,0,0,0,0,0,0,0,0,0,0,0,0,0,0,1,0,0,0,0,0,olaya,05,Antioquia
76,05541,0,3,0,0,0,1,0,2,0,0,0,0,1,0,0,0,0,0,1,0,2,penol,05,Antioquia
77,05543,0,0,1,1,0,0,0,0,0,0,0,0,1,0,0,0,0,0,0,0,0,peque,05,Antioquia
78,05576,0,0,0,2,0,1,0,0,1,0,1,0,0,0,0,0,1,0,1,0,0,pueblorrico,05,Antioquia
79,05579,4,2,4,4,2,3,4,3,5,6,2,2,1,3,1,1,4,0,4,2,0,puerto berrio,05,Antioquia
80,05585,0,0,0,0,0,0,0,0,0,1,0,1,0,0,1,0,0,0,1,1,1,puerto nare,05,Antioquia
81,05591,0,0,0,0,0,0,0,0,0,0,0,1,0,0,0,1,0,0,1,2,2,puerto triunfo,05,Antioquia
82,05604,1,0,1,1,0,0,1,0,0,0,0,0,0,1,1,3,0,2,0,1,0,remedios,05,Antioquia
83,05607,0,1,2,2,0,0,2,0,0,0,1,0,1,0,0,0,0,3,1,2,2,retiro,05,Antioquia
84,05615,2,1,4,3,1,7,2,5,5,3,2,3,3,6,8,6,8,5,9,15,7,rionegro,05,Antioquia
85,05628,0,0,0,0,0,0,0,1,0,0,1,0,0,0,0,0,0,0,0,1,0,sabanalarga,05,Antioquia
86,05631,1,3,1,3,4,3,5,2,4,4,4,6,11,1,2,3,4,11,8,11,8,sabaneta,05,Antioquia
87,05642,0,0,1,0,2,1,3,0,1,1,0,1,2,0,0,2,2,0,1,1,1,salgar,05,Antioquia
88,05647,0,0,0,0,0,0,0,1,1,0,0,1,0,0,1,1,0,0,0,0,1,san andres de cuerquia,05,Antioquia
89,05649,0,0,0,1,0,0,0,0,0,0,0,1,0,1,0,1,0,0,1,1,1,san carlos,05,Antioquia
90,05652,0,0,0,0,0,0,0,0,0,0,0,0,0,0,0,0,0,0,0,2,0,san francisco,05,Antioquia
91,05656,0,0,0,1,0,1,1,0,0,0,0,0,1,0,2,0,0,0,0,1,0,san jeronimo,05,Antioquia
92,05658,0,0,0,0,0,1,0,0,0,0,0,0,2,1,0,0,0,0,0,0,0,san jose de la montana,05,Antioquia
93,05660,0,0,1,0,0,0,0,0,0,0,0,0,1,0,1,2,2,0,0,0,0,san luis,05,Antioquia
94,05664,0,0,1,0,0,0,0,1,0,0,1,0,1,1,1,0,0,0,1,0,2,san pedro de los milagros,05,Antioquia
95,05665,0,0,0,0,0,0,0,0,1,1,0,0,0,0,2,0,1,1,0,1,1,san pedro de uraba,05,Antioquia
96,05667,0,0,2,0,0,0,1,1,0,0,1,1,0,0,0,0,0,0,1,0,0,san rafael,05,Antioquia
97,05670,0,1,0,0,1,1,0,0,0,2,1,1,0,0,0,1,0,0,0,0,1,san roque,05,Antioquia
98,05674,1,0,2,0,1,0,0,0,0,1,1,0,0,1,1,0,0,0,2,0,0,san vicente ferrer,05,Antioquia
99,05679,2,0,0,0,3,0,0,1,0,1,0,0,0,1,1,1,1,0,2,2,3,santa barbara,05,Antioquia
100,05686,0,2,1,0,2,1,0,1,1,0,1,0,2,1,3,2,1,0,0,0,1,santa rosa de osos,05,Antioquia
101,05690,1,0,0,1,0,0,1,0,1,0,1,0,0,0,0,1,0,0,0,1,0,santo domingo,05,Antioquia
102,05697,3,1,3,0,1,2,0,1,1,2,0,4,1,2,2,0,2,2,2,0,3,el santuario,05,Antioquia
103,05736,0,0,2,1,1,2,0,1,2,1,3,1,2,2,1,1,1,1,4,1,2,segovia,05,Antioquia
104,05756,1,3,4,3,1,2,2,5,2,1,3,3,4,2,3,1,1,2,2,4,4,sonson,05,Antioquia
105,05761,0,0,0,0,0,1,0,0,1,0,1,0,0,0,1,0,0,2,2,0,0,sopetran,05,Antioquia
106,05789,1,1,0,1,1,0,0,1,1,0,1,1,1,1,0,0,1,0,1,1,0,tamesis,05,Antioquia
107,05790,0,1,0,1,0,0,0,2,0,0,0,0,0,0,0,2,0,1,1,0,1,taraza,05,Antioquia
108,05792,0,0,0,0,0,0,0,0,0,0,1,0,0,0,0,0,0,0,1,0,0,tarso,05,Antioquia
109,05809,1,0,2,0,1,0,0,0,1,0,1,0,0,1,1,2,1,0,2,0,0,titiribi,05,Antioquia
110,05819,0,0,0,0,0,0,0,1,0,0,0,2,0,0,0,0,0,0,0,0,0,toledo,05,Antioquia
111,05837,1,1,1,2,2,1,3,1,2,3,2,5,3,4,3,8,2,3,2,10,9,turbo,05,Antioquia
112,05842,0,0,0,0,0,0,0,0,0,0,0,0,0,0,0,0,0,0,1,0,0,uramita,05,Antioquia
113,05847,1,2,0,2,1,2,2,0,1,2,0,2,1,2,0,1,0,0,3,1,0,urrao,05,Antioquia
114,05854,0,0,1,0,1,0,0,0,0,0,0,0,0,0,2,0,0,1,0,1,0,valdivia,05,Antioquia
115,05856,0,1,0,0,0,0,1,0,0,0,0,0,0,0,0,2,0,0,0,0,0,valparaiso,05,Antioquia
116,05858,0,0,2,0,1,1,0,0,0,0,0,0,1,0,2,0,0,0,1,0,0,vegachi,05,Antioquia
117,05861,0,0,0,0,0,0,0,0,0,1,0,1,0,0,1,0,0,0,4,0,1,venecia,05,Antioquia
118,05885,0,0,0,0,0,0,0,1,0,0,0,1,0,0,0,0,1,0,0,2,0,yali,05,Antioquia
119,05887,0,3,1,2,2,4,1,2,1,1,0,1,0,3,0,3,2,1,3,3,1,yarumal,05,Antioquia
120,05890,1,1,1,0,1,0,0,0,0,0,2,0,0,1,0,1,0,0,0,0,0,yolombo,05,Antioquia
121,05893,0,0,0,0,0,0,0,0,0,1,0,1,0,0,0,1,1,0,0,0,0,yondo,05,Antioquia
122,05895,1,0,1,0,0,1,0,1,0,0,1,0,1,1,0,1,1,1,0,0,0,zaragoza,05,Antioquia
123,05999,0,0,0,1,1,1,1,0,0,0,0,0,2,0,0,0,0,0,0,0,0,0,05,Antioquia
124,08001,61,66,66,74,88,88,67,93,86,92,101,106,116,93,123,132,137,135,138,150,161,barranquilla,08,Atlántico
125,08078,2,2,0,1,1,1,2,1,3,4,4,3,2,2,3,1,8,7,4,7,10,baranoa,08,Atlántico
126,08137,2,2,0,4,0,1,0,0,0,1,0,0,0,0,1,0,1,0,1,2,2,campo de la cruz,08,Atlántico
127,08141,1,0,1,1,2,0,0,1,0,0,1,0,1,0,0,2,2,2,1,1,2,candelaria,08,Atlántico
128,08296,1,0,0,0,0,0,1,0,1,1,3,2,0,1,0,2,2,1,4,2,1,galapa,08,Atlántico
129,08372,0,0,0,1,0,0,0,0,1,1,0,0,1,0,0,2,1,1,0,0,1,juan de acosta,08,Atlántico
130,08421,1,0,2,0,0,1,1,1,0,0,0,1,0,0,1,3,3,0,1,0,1,luruaco,08,Atlántico
131,08433,5,0,5,4,3,6,1,4,4,0,6,3,4,1,2,8,6,4,7,6,9,malambo,08,Atlántico
132,08436,0,0,0,1,0,1,0,0,0,0,0,1,1,0,0,0,1,0,1,3,0,manati,08,Atlántico
133,08520,0,1,0,0,0,0,0,2,1,0,1,2,0,0,2,4,0,0,4,0,3,palmar de varela,08,Atlántico
134,08549,0,1,0,0,0,0,0,0,0,0,0,0,0,0,1,0,0,2,0,0,0,piojo,08,Atlántico
135,08558,0,1,0,0,0,1,0,0,0,0,3,0,0,0,1,1,0,0,0,1,0,polonuevo,08,Atlántico
136,08560,0,0,0,0,0,0,0,1,0,2,0,1,2,0,0,2,0,2,2,0,1,ponedera,08,Atlántico
137,08573,0,1,1,0,1,0,1,1,3,2,1,1,2,1,0,1,3,2,1,0,4,puerto colombia,08,Atlántico
138,08606,1,1,0,1,2,0,0,0,0,0,1,1,0,0,1,1,0,2,2,2,2,repelon,08,Atlántico
139,08634,0,0,1,1,1,1,1,2,2,0,2,0,2,0,2,1,0,3,1,1,0,sabanagrande,08,Atlántico
140,08638,0,4,2,2,3,5,1,2,0,2,3,6,2,2,5,5,6,3,6,3,5,sabanalarga,08,Atlántico
141,08675,1,0,5,0,0,0,0,3,1,2,0,0,0,0,1,0,0,2,0,0,0,santa lucia,08,Atlántico
142,08685,0,0,3,0,2,3,2,1,1,0,0,2,4,2,0,1,1,1,4,1,4,santo tomas,08,Atlántico
143,08758,5,5,12,10,11,9,17,17,12,23,19,14,16,16,21,21,29,37,41,42,46,soledad,08,Atlántico
144,08770,0,0,0,0,1,1,0,0,1,0,0,0,1,0,0,0,0,0,0,0,1,suan,08,Atlántico
145,08832,1,0,0,0,0,1,0,0,0,0,0,2,0,0,0,0,1,0,0,0,4,tubara,08,Atlántico
146,08849,1,0,1,0,0,0,1,1,0,0,0,0,0,0,0,1,0,0,0,1,0,usiacuri,08,Atlántico
147,08999,0,0,0,0,0,0,0,0,0,1,0,0,0,0,0,0,0,0,0,0,0,0,08,Atlántico
148,09999,0,0,0,0,0,0,0,0,0,0,11,16,8,0,4,0,3,2,0,1,0,0,09,"Sin información de departamento,"
149,11001,269,282,265,324,366,363,387,358,345,442,390,428,439,443,475,450,466,493,543,534,537,bogota,11,Bogotá
150,13001,40,37,35,45,38,60,48,41,46,54,62,49,64,59,74,55,62,64,85,96,90,cartagena de indias,13,Bolivar
151,13006,0,0,0,0,0,0,0,1,0,0,0,0,1,1,1,0,0,0,0,1,0,achi,13,Bolivar
152,13030,0,0,0,0,0,0,0,0,0,0,0,0,1,1,0,0,1,0,0,0,0,altos del rosario,13,Bolivar
153,13042,0,2,0,0,0,0,0,0,0,0,0,0,0,1,0,1,0,0,1,1,0,arenal,13,Bolivar
154,13052,1,3,0,0,3,1,1,1,5,2,2,2,4,2,2,3,2,4,2,2,7,arjona,13,Bolivar
155,13062,1,0,0,0,0,0,0,0,1,0,0,0,1,0,0,0,0,0,0,0,0,arroyohondo,13,Bolivar
156,13074,0,0,0,0,0,0,0,0,0,0,0,1,0,0,0,2,0,1,0,0,0,barranco de loba,13,Bolivar
157,13140,1,1,0,0,0,0,1,0,0,0,0,0,0,0,0,1,1,1,1,0,0,calamar,13,Bolivar
158,13160,0,0,0,0,0,0,0,1,0,0,0,0,0,0,0,0,0,1,0,0,1,cantagallo,13,Bolivar
159,13188,0,0,1,0,0,0,0,0,0,0,0,0,0,0,0,0,1,0,0,1,0,cicuco,13,Bolivar
160,13212,0,1,0,2,0,0,0,1,1,0,0,0,0,0,0,0,0,0,0,1,0,cordoba,13,Bolivar
161,13222,0,0,0,0,1,1,0,0,0,0,0,0,0,0,1,0,1,1,0,1,1,clemencia,13,Bolivar
162,13244,0,1,0,1,1,0,0,0,1,0,0,0,0,0,0,4,3,2,2,6,2,el carmen de bolivar,13,Bolivar
163,13248,0,0,0,1,0,0,0,0,0,0,0,0,0,0,0,0,0,0,1,0,1,el guamo,13,Bolivar
164,13268,0,0,0,0,0,0,0,1,0,0,0,0,1,0,1,0,0,0,0,0,0,el penon,13,Bolivar
165,13300,0,0,0,0,0,0,0,0,0,0,0,0,0,0,0,0,0,0,0,0,1,hatillo de loba,13,Bolivar
166,13430,4,4,5,6,4,1,8,6,3,0,6,3,6,7,4,4,3,9,5,1,3,magangue,13,Bolivar
167,13433,0,0,0,1,0,1,1,3,1,0,0,2,0,0,1,0,1,1,0,2,1,mahates,13,Bolivar
168,13440,0,0,1,0,0,0,2,1,0,0,1,0,0,0,1,0,1,0,0,1,0,margarita,13,Bolivar
169,13442,0,1,0,0,0,1,0,0,1,0,2,3,2,0,3,1,2,1,4,4,2,maria la baja,13,Bolivar
170,13468,0,0,0,2,2,0,1,3,2,1,0,1,1,2,0,1,1,1,3,1,1,santa cruz de mompox,13,Bolivar
171,13473,0,1,0,0,1,0,0,0,0,0,0,0,1,0,0,0,0,0,0,0,0,morales,13,Bolivar
172,13549,0,0,0,0,0,0,0,1,0,0,0,1,1,0,0,0,0,0,0,1,0,pinillos,13,Bolivar
173,13580,0,0,0,0,1,0,0,0,0,0,0,0,0,0,0,0,0,0,0,0,0,regidor,13,Bolivar
174,13600,0,0,0,0,0,1,0,0,0,1,0,1,0,0,0,0,0,0,0,0,0,rio viejo,13,Bolivar
175,13620,1,0,0,0,0,0,0,0,0,0,1,0,0,0,0,0,0,1,1,0,0,san cristobal,13,Bolivar
176,13647,1,0,0,0,0,0,0,0,0,0,0,0,1,0,0,2,0,0,2,1,1,san estanislao,13,Bolivar
177,13650,0,0,0,0,0,0,0,0,0,1,0,0,0,0,0,1,0,1,0,0,0,san fernando,13,Bolivar
178,13654,0,1,0,0,1,1,2,0,2,0,1,0,1,2,0,1,0,1,3,3,0,san jacinto,13,Bolivar
179,13657,1,0,2,2,0,0,0,0,2,3,0,1,2,0,0,1,1,0,1,3,0,san juan nepomuceno,13,Bolivar
180,13667,0,0,0,0,0,0,0,1,0,0,0,0,0,0,0,1,1,0,0,0,0,san martin de loba,13,Bolivar
181,13670,0,0,0,1,0,0,0,0,1,0,2,0,0,0,0,1,1,2,2,1,0,san pablo,13,Bolivar
182,13673,0,0,0,0,0,0,0,0,1,0,0,0,0,1,0,0,1,1,1,0,0,santa catalina,13,Bolivar
183,13683,0,0,1,0,1,0,0,0,1,0,0,0,1,1,0,0,1,0,1,1,2,santa rosa,13,Bolivar
184,13688,0,0,0,0,0,0,0,0,0,1,2,1,0,1,0,2,0,1,1,0,0,santa rosa del sur,13,Bolivar
185,13744,0,0,0,0,0,0,1,1,0,0,0,0,0,1,0,0,1,2,0,0,2,simiti,13,Bolivar
186,13760,0,0,0,0,0,0,0,0,1,0,0,1,0,0,1,0,0,0,0,1,0,soplaviento,13,Bolivar
187,13780,0,0,0,0,0,0,0,1,0,0,0,0,0,0,0,0,0,0,1,0,1,talaigua nuevo,13,Bolivar
188,13810,0,0,0,0,0,0,0,0,0,0,0,0,0,0,0,0,1,0,2,0,0,tiquisio,13,Bolivar
189,13836,0,2,2,1,3,2,2,4,2,4,2,1,1,1,8,3,5,6,2,6,3,turbaco,13,Bolivar
190,13838,0,0,0,1,0,1,0,1,0,0,1,0,1,0,1,0,0,0,1,0,2,turbana,13,Bolivar
191,13873,0,0,0,0,1,0,0,1,0,0,0,0,0,2,1,0,0,0,2,1,0,villanueva,13,Bolivar
192,13894,0,0,0,0,0,0,0,0,0,0,0,1,0,3,0,1,1,1,0,1,2,zambrano,13,Bolivar
193,15001,3,2,10,5,5,4,2,6,8,8,5,6,11,8,9,7,9,14,13,14,16,tunja,15,Boyaca
194,15047,0,1,0,0,0,0,0,1,0,0,0,0,0,2,0,0,1,0,0,3,0,aquitania,15,Boyaca
195,15051,0,0,0,0,0,0,0,1,0,0,0,0,0,0,0,0,0,0,1,1,0,arcabuco,15,Boyaca
196,15087,0,1,0,0,0,0,1,0,0,0,0,0,0,0,0,0,0,0,0,0,1,belen,15,Boyaca
197,15090,0,0,0,0,0,0,0,0,0,0,0,0,0,0,0,1,0,0,0,0,0,berbeo,15,Boyaca
198,15092,0,0,0,0,0,0,0,0,0,0,0,0,0,0,0,1,0,0,0,0,0,beteitiva,15,Boyaca
199,15097,1,0,0,1,0,1,1,0,0,1,1,0,0,0,0,0,0,1,0,0,0,boavita,15,Boyaca
200,15104,0,0,0,0,0,0,1,0,0,0,0,0,0,0,0,0,0,0,0,0,0,boyaca,15,Boyaca
201,15106,0,0,0,0,1,0,0,0,0,0,0,0,1,0,0,0,0,0,0,0,0,briceno,15,Boyaca
202,15109,0,0,0,0,2,0,0,0,0,0,0,0,0,0,0,0,0,0,0,0,0,buenavista,15,Boyaca
203,15114,0,0,0,0,0,0,0,0,0,0,0,0,0,0,0,0,0,0,1,0,0,busbanza,15,Boyaca
204,15135,0,0,0,0,0,0,0,0,0,1,0,0,0,0,0,0,0,0,0,0,0,campohermoso,15,Boyaca
205,15162,1,0,0,0,0,0,0,0,0,2,0,0,0,1,1,1,0,0,1,0,0,cerinza,15,Boyaca
206,15172,0,0,1,0,1,0,0,1,0,1,0,0,0,0,0,1,0,0,0,0,0,chinavita,15,Boyaca
207,15176,1,0,1,2,1,0,3,3,1,2,1,6,1,8,7,4,6,3,1,0,3,chiquinquira,15,Boyaca
208,15180,0,0,0,0,0,0,0,0,0,0,0,0,1,0,0,0,0,0,0,1,0,chiscas,15,Boyaca
209,15183,1,0,0,0,0,0,1,1,0,0,1,0,0,0,0,0,0,0,0,1,0,chita,15,Boyaca
210,15185,0,0,0,1,0,0,0,0,0,0,0,1,0,0,0,0,0,0,1,0,0,chitaraque,15,Boyaca
211,15187,0,0,0,0,0,0,0,0,0,0,0,1,0,0,0,0,0,0,0,0,0,chivata,15,Boyaca
212,15189,0,0,0,0,0,0,0,0,0,0,0,1,0,0,0,0,0,0,1,0,0,cienega,15,Boyaca
213,15204,0,1,0,0,1,1,0,1,1,0,0,0,1,0,1,0,0,1,0,0,1,combita,15,Boyaca
214,15212,0,0,0,0,0,0,0,1,0,0,0,0,0,0,0,0,1,0,0,0,0,coper,15,Boyaca
215,15218,0,0,0,0,0,0,0,0,0,0,0,0,0,0,0,0,0,0,1,0,0,covarachia,15,Boyaca
216,15224,0,0,1,1,0,0,0,0,0,0,0,0,0,0,0,1,0,0,0,0,0,cucaita,15,Boyaca
217,15226,0,0,0,0,0,0,0,1,0,0,0,0,0,0,0,0,0,0,0,0,0,cuitiva,15,Boyaca
218,15232,0,0,0,0,0,0,0,0,0,0,0,0,0,0,0,1,0,1,0,0,0,chiquiza,15,Boyaca
219,15236,0,0,0,0,0,0,0,0,0,0,0,0,0,0,0,0,0,1,0,0,0,chivor,15,Boyaca
220,15238,2,3,2,4,3,1,5,3,4,4,6,4,10,6,12,2,4,12,11,7,9,duitama,15,Boyaca
221,15244,0,1,0,0,0,1,0,0,0,0,0,0,2,0,0,0,1,1,0,0,0,el cocuy,15,Boyaca
222,15248,0,0,1,0,0,0,0,0,0,0,0,0,0,1,0,0,0,1,1,0,0,el espino,15,Boyaca
223,15272,0,0,0,0,1,0,1,0,0,1,0,0,0,0,0,0,0,0,1,0,0,firavitoba,15,Boyaca
224,15276,0,0,0,0,0,0,0,1,0,0,0,0,0,0,1,0,0,0,0,0,1,floresta,15,Boyaca
225,15293,0,0,0,0,1,0,0,0,0,1,0,0,0,0,1,0,0,0,0,0,0,gachantiva,15,Boyaca
226,15296,0,0,0,0,1,0,0,0,1,0,0,0,0,1,1,0,1,0,0,0,0,gameza,15,Boyaca
227,15299,0,2,1,1,2,2,0,0,1,1,1,0,0,0,0,2,0,0,0,0,1,garagoa,15,Boyaca
228,15317,0,0,0,0,0,0,0,0,0,0,0,0,1,0,0,0,0,0,1,0,0,guacamayas,15,Boyaca
229,15322,1,1,0,0,0,0,0,1,0,0,0,0,1,1,0,0,0,0,4,1,0,guateque,15,Boyaca
230,15325,0,0,0,1,0,0,0,0,0,0,0,0,1,0,0,0,0,0,0,0,0,guayata,15,Boyaca
231,15332,0,1,0,0,0,0,0,0,0,0,0,0,0,0,0,0,0,0,0,0,0,guican de la sierra,15,Boyaca
232,15362,0,0,0,0,0,0,0,0,0,0,0,0,0,0,0,1,0,0,0,0,0,iza,15,Boyaca
233,15367,2,0,1,0,0,0,0,1,0,0,0,0,1,0,0,1,1,1,0,0,0,jenesano,15,Boyaca
234,15368,1,0,0,1,1,0,1,0,0,1,0,0,0,1,0,0,0,0,0,0,1,jerico,15,Boyaca
235,15380,0,0,0,0,0,0,1,1,0,1,0,0,0,0,0,0,0,1,0,0,0,la capilla,15,Boyaca
236,15403,0,0,1,0,0,0,0,0,0,1,0,0,1,0,0,0,0,0,0,0,0,la uvita,15,Boyaca
237,15407,0,0,0,1,1,0,0,0,2,0,1,2,0,0,2,1,0,0,0,1,1,villa de leyva,15,Boyaca
238,15425,0,0,0,0,0,0,0,0,0,0,0,0,0,0,0,0,0,0,0,1,0,macanal,15,Boyaca
239,15442,0,0,0,0,0,0,0,0,1,0,0,1,1,0,0,0,0,0,0,0,0,maripi,15,Boyaca
240,15455,0,0,0,1,0,1,0,1,0,0,0,0,1,0,2,1,0,0,1,0,0,miraflores,15,Boyaca
241,15464,0,1,0,1,0,0,0,0,0,0,0,0,0,0,1,1,1,0,0,0,2,mongua,15,Boyaca
242,15466,0,0,0,0,0,1,0,0,0,0,0,0,0,2,0,0,1,0,0,0,0,mongui,15,Boyaca
243,15469,0,0,1,0,0,0,0,0,2,3,0,0,1,1,0,0,0,2,2,2,2,moniquira,15,Boyaca
244,15480,0,0,1,1,0,0,0,0,0,0,1,0,1,0,0,0,1,0,0,0,0,muzo,15,Boyaca
245,15491,0,1,1,0,0,0,1,0,0,0,0,0,1,0,0,1,3,1,1,1,1,nobsa,15,Boyaca
246,15494,0,0,0,0,1,0,0,0,0,0,0,0,0,0,0,0,0,0,0,0,0,nuevo colon,15,Boyaca
247,15500,0,0,0,0,0,0,0,0,0,0,0,0,0,0,0,1,0,0,0,0,1,oicata,15,Boyaca
248,15507,0,1,0,0,0,0,0,0,0,0,0,1,0,0,0,0,0,0,0,0,0,otanche,15,Boyaca
249,15511,0,0,0,1,0,0,0,0,0,0,0,0,0,0,0,0,0,0,0,1,0,pachavita,15,Boyaca
250,15514,0,0,0,0,0,0,0,0,0,0,0,1,0,0,0,0,0,0,0,0,0,paez,15,Boyaca
251,15516,0,0,0,0,2,2,2,0,3,1,2,1,1,4,2,2,1,2,2,3,2,paipa,15,Boyaca
252,15518,0,0,0,1,0,0,0,0,0,0,1,2,0,0,0,0,1,0,0,0,0,pajarito,15,Boyaca
253,15522,0,0,0,0,0,0,0,0,0,1,0,0,0,0,0,0,0,0,0,0,0,panqueba,15,Boyaca
254,15531,1,0,0,0,0,0,0,0,0,0,0,0,0,0,0,0,0,0,0,0,1,pauna,15,Boyaca
255,15537,0,0,0,0,0,0,0,0,1,0,0,0,0,0,1,1,0,0,1,0,2,paz de rio,15,Boyaca
256,15542,0,0,0,0,0,1,0,0,0,0,0,0,1,0,1,1,0,0,1,0,0,pesca,15,Boyaca
257,15550,0,0,0,0,0,0,0,0,0,0,0,0,0,0,0,0,0,1,0,0,0,pisba,15,Boyaca
258,15572,0,1,2,1,1,2,3,1,2,1,2,2,5,2,0,2,3,3,3,2,3,puerto boyaca,15,Boyaca
259,15580,1,0,0,0,1,0,0,0,1,0,0,0,0,0,1,0,0,0,0,0,1,quipama,15,Boyaca
260,15599,0,0,1,0,0,0,2,0,1,0,1,1,0,0,0,0,1,0,0,0,2,ramiriqui,15,Boyaca
261,15600,0,0,0,0,0,0,0,0,0,0,0,0,0,0,0,0,0,1,0,0,1,raquira,15,Boyaca
262,15621,0,0,0,0,0,0,0,0,0,0,0,0,1,0,0,0,0,0,0,0,0,rondon,15,Boyaca
263,15632,0,0,0,0,0,1,1,0,0,2,0,1,1,0,1,0,0,0,0,0,1,saboya,15,Boyaca
264,15638,0,0,1,0,0,1,0,0,0,0,0,0,0,0,0,0,0,1,0,0,0,sachica,15,Boyaca
265,15646,0,0,0,0,0,0,0,1,1,0,0,0,1,0,0,0,0,0,2,0,1,samaca,15,Boyaca
266,15660,0,0,0,0,0,0,0,0,0,0,0,0,0,1,0,0,1,0,0,0,0,san eduardo,15,Boyaca
267,15664,0,0,0,0,0,0,0,0,0,1,0,0,1,0,0,0,0,0,0,0,0,san jose de pare,15,Boyaca
268,15667,0,0,0,0,0,0,0,0,0,0,0,0,0,0,0,0,0,2,1,0,0,san luis de gaceno,15,Boyaca
269,15673,0,0,0,0,0,0,0,0,0,0,0,0,1,0,0,0,0,0,1,0,0,san mateo,15,Boyaca
270,15676,0,0,0,0,0,0,0,0,0,0,0,0,0,0,0,1,0,0,1,0,0,san miguel de sema,15,Boyaca
271,15681,0,0,0,0,0,0,0,0,0,0,0,0,2,1,0,0,0,0,0,0,0,san pablo de borbur,15,Boyaca
272,15686,0,0,0,0,0,0,0,1,0,0,0,0,0,2,0,0,0,0,0,0,0,santana,15,Boyaca
273,15690,0,0,0,0,0,1,0,0,0,1,0,0,1,0,0,0,0,0,0,0,1,santa maria,15,Boyaca
274,15693,0,2,0,0,0,1,2,0,0,2,0,0,2,1,1,0,0,1,0,0,0,santa rosa de viterbo,15,Boyaca
275,15696,0,0,0,0,1,0,0,0,1,0,0,0,0,0,0,0,0,1,0,0,0,santa sofia,15,Boyaca
276,15720,0,0,0,1,0,1,0,0,0,0,0,0,0,0,0,0,0,0,0,0,0,sativanorte,15,Boyaca
277,15740,0,0,0,0,0,0,0,0,0,1,0,0,0,0,0,0,0,2,0,0,0,siachoque,15,Boyaca
278,15753,1,1,0,0,0,0,0,0,0,0,1,1,2,1,1,0,1,0,0,0,1,soata,15,Boyaca
279,15755,0,0,0,0,0,0,0,0,0,0,0,0,0,0,0,0,1,2,1,0,0,socota,15,Boyaca
280,15757,1,1,0,0,0,0,0,1,0,0,1,0,0,0,0,0,0,0,1,1,1,socha,15,Boyaca
281,15759,2,3,7,4,4,4,3,8,7,9,5,5,5,6,4,9,7,6,15,12,15,sogamoso,15,Boyaca
282,15761,2,0,0,0,0,0,0,0,0,0,0,0,0,0,0,0,1,0,0,1,0,somondoco,15,Boyaca
283,15762,0,0,0,0,0,0,0,0,0,0,0,0,0,0,1,0,0,0,0,0,0,sora,15,Boyaca
284,15763,0,1,1,0,1,0,0,0,0,0,0,0,0,0,0,0,0,0,0,0,0,sotaquira,15,Boyaca
285,15764,0,0,0,0,0,0,0,0,0,0,0,0,1,0,0,0,0,0,0,0,0,soraca,15,Boyaca
286,15774,0,0,0,0,1,0,0,0,0,0,0,0,1,0,0,0,1,0,0,0,0,susacon,15,Boyaca
287,15776,0,0,0,1,1,0,0,0,0,1,0,0,0,0,1,0,0,1,0,0,1,sutamarchan,15,Boyaca
288,15778,0,0,0,0,1,0,0,1,0,0,0,0,0,0,0,0,1,1,0,0,0,sutatenza,15,Boyaca
289,15790,0,0,0,0,0,0,0,1,0,0,0,0,0,0,0,0,0,0,0,0,0,tasco,15,Boyaca
290,15798,1,1,0,0,1,1,1,0,1,0,0,1,0,0,0,0,0,0,0,0,0,tenza,15,Boyaca
291,15804,0,0,0,0,0,0,1,0,0,0,0,0,0,0,1,0,0,1,2,0,1,tibana,15,Boyaca
292,15806,0,0,0,1,0,0,0,0,1,0,1,0,0,0,0,0,1,0,1,1,1,tibasosa,15,Boyaca
293,15808,0,0,0,1,0,0,0,0,0,0,0,0,0,0,1,0,0,0,0,0,1,tinjaca,15,Boyaca
294,15810,0,0,0,0,0,0,0,0,0,1,0,0,0,2,0,0,0,0,0,0,0,tipacoque,15,Boyaca
295,15814,0,1,0,1,0,0,0,1,0,0,1,0,0,0,0,0,0,0,1,0,0,toca,15,Boyaca
296,15820,0,0,0,0,0,0,0,0,0,0,0,0,0,0,0,0,0,0,1,1,0,topaga,15,Boyaca
297,15822,0,0,1,0,0,0,0,0,0,0,0,0,0,0,0,0,0,0,1,0,0,tota,15,Boyaca
298,15832,0,0,0,0,1,0,0,0,0,0,0,1,0,0,0,0,1,0,0,0,0,tunungua,15,Boyaca
299,15835,0,0,0,0,1,0,0,1,0,0,1,0,0,0,0,0,0,0,0,0,0,turmeque,15,Boyaca
300,15837,0,0,0,1,0,1,0,0,0,1,0,0,0,1,0,0,0,0,1,0,0,tuta,15,Boyaca
301,15839,0,0,0,0,0,0,0,0,0,0,0,0,0,0,0,1,0,0,0,0,0,tutaza,15,Boyaca
302,15842,0,0,1,0,0,0,0,0,0,1,0,1,0,0,0,0,0,0,0,0,0,umbita,15,Boyaca
303,15861,0,0,1,1,0,0,0,1,0,0,0,1,3,0,0,0,0,0,1,1,0,ventaquemada,15,Boyaca
304,15897,0,0,0,0,0,0,1,0,0,0,0,0,0,0,0,0,0,1,0,0,0,zetaquira,15,Boyaca
305,15999,0,0,1,0,0,0,0,0,0,0,0,0,0,0,0,0,0,0,0,0,0,0,15,Boyaca
306,17001,23,16,19,27,18,20,21,18,21,29,30,28,27,34,34,32,26,35,49,38,46,manizales,17,Caldas
307,17013,1,1,0,0,1,2,1,1,1,1,2,1,4,3,1,1,2,3,1,1,1,aguadas,17,Caldas
308,17042,2,4,0,2,3,2,2,0,0,1,1,3,2,5,3,3,8,4,3,1,1,anserma,17,Caldas
309,17050,1,0,0,0,1,2,1,2,0,0,0,1,0,1,1,2,0,1,1,0,1,aranzazu,17,Caldas
310,17088,0,0,0,1,0,2,2,1,0,0,2,0,1,0,1,1,0,0,0,0,1,belalcazar,17,Caldas
311,17174,1,4,4,4,3,3,2,2,4,4,5,4,4,2,6,2,1,7,8,5,9,chinchina,17,Caldas
312,17272,1,0,0,2,0,0,0,0,0,1,0,2,0,0,0,0,1,1,1,0,0,filadelfia,17,Caldas
313,17380,2,2,3,2,5,3,4,6,9,4,4,4,4,6,7,5,4,4,8,7,5,la dorada,17,Caldas
314,17388,0,0,0,0,0,2,0,1,0,0,1,1,0,0,0,0,0,1,0,0,1,la merced,17,Caldas
315,17433,0,1,1,0,0,0,4,4,0,0,3,2,1,1,1,0,0,1,1,1,0,manzanares,17,Caldas
316,17442,0,1,1,0,1,0,0,0,0,0,0,1,0,0,0,1,1,1,0,0,0,marmato,17,Caldas
317,17444,0,0,0,0,2,0,0,0,0,0,1,1,2,0,2,1,0,2,0,0,1,marquetalia,17,Caldas
318,17486,1,2,0,0,1,1,0,1,0,0,2,1,2,3,0,3,0,2,2,2,2,neira,17,Caldas
319,17513,1,3,2,1,0,0,2,2,1,2,1,0,0,1,1,0,1,0,5,0,0,pacora,17,Caldas
320,17524,2,0,1,1,3,0,2,1,0,0,0,3,3,0,1,1,1,0,0,2,2,palestina,17,Caldas
321,17541,0,2,3,1,0,1,0,1,0,0,2,1,1,4,1,1,1,1,1,1,0,pensilvania,17,Caldas
322,17614,0,2,4,3,0,3,3,3,3,1,2,2,2,4,6,2,2,6,4,5,4,riosucio,17,Caldas
323,17616,0,0,0,0,0,2,0,2,0,0,3,0,1,1,2,0,2,2,0,1,1,risaralda,17,Caldas
324,17653,1,1,0,1,3,2,1,0,2,3,2,3,0,1,0,0,1,1,5,2,5,salamina,17,Caldas
325,17662,1,1,0,0,2,1,1,0,0,2,1,0,1,2,0,1,2,0,0,0,0,samana,17,Caldas
326,17665,0,1,0,1,0,0,0,1,0,0,0,0,0,1,0,0,0,1,1,1,0,san jose,17,Caldas
327,17777,0,2,1,0,2,3,2,1,2,2,2,3,1,2,1,2,0,2,4,5,5,supia,17,Caldas
328,17867,0,0,0,2,0,0,1,0,0,0,0,0,0,0,0,0,0,2,2,0,0,victoria,17,Caldas
329,17873,0,1,1,3,1,2,0,3,3,2,5,7,2,4,2,2,1,1,7,5,6,villamaria,17,Caldas
330,17877,0,0,1,0,1,1,0,1,1,1,0,2,0,0,2,1,0,1,1,2,1,viterbo,17,Caldas
331,17999,0,0,0,0,1,0,0,0,0,0,0,0,0,0,0,0,0,0,0,0,0,0,17,Caldas
332,18001,5,2,3,5,1,7,2,3,7,6,6,4,10,11,8,9,13,7,8,15,10,florencia,18,Caqueta
333,18029,0,0,1,0,0,0,0,0,0,0,0,1,0,0,0,1,0,0,0,0,0,albania,18,Caqueta
334,18094,0,0,1,0,0,0,0,0,0,0,1,0,0,0,0,0,0,0,0,1,0,belen de los andaquies,18,Caqueta
335,18150,0,0,1,0,1,1,0,0,0,0,0,1,1,0,0,0,0,2,1,0,1,cartagena del chaira,18,Caqueta
336,18205,0,1,0,1,0,0,0,0,0,0,0,0,0,1,1,1,1,0,0,0,0,curillo,18,Caqueta
337,18247,0,2,0,1,1,2,0,0,0,1,2,0,0,2,1,1,2,1,1,0,1,el doncello,18,Caqueta
338,18256,0,0,0,1,1,1,0,1,1,1,0,0,0,2,1,0,0,2,1,0,0,el paujil,18,Caqueta
339,18410,0,0,0,1,0,0,0,0,0,0,0,1,0,1,0,0,1,1,0,0,1,la montanita,18,Caqueta
340,18460,0,0,0,0,0,0,1,0,0,1,0,0,1,0,0,0,0,0,0,0,1,milan,18,Caqueta
341,18479,0,0,0,0,0,0,0,0,0,0,0,0,0,0,0,0,0,1,0,0,0,morelia,18,Caqueta
342,18592,0,2,0,0,1,0,1,0,0,0,0,0,0,2,0,2,0,0,0,3,3,puerto rico,18,Caqueta
343,18610,0,0,0,0,2,1,0,0,1,1,0,0,1,0,0,0,0,1,1,0,0,san jose del fragua,18,Caqueta
344,18753,0,0,1,2,1,0,0,1,0,0,0,2,1,2,0,1,1,4,0,2,1,san vicente del caguan,18,Caqueta
345,18756,1,0,0,0,0,0,0,0,0,0,0,0,0,0,0,0,0,0,0,0,0,solano,18,Caqueta
346,18785,0,0,0,0,0,0,0,0,0,0,1,0,0,0,0,0,0,0,0,0,0,solita,18,Caqueta
347,18860,2,1,0,0,0,0,0,0,1,0,1,0,0,1,1,1,0,1,0,0,0,valparaiso,18,Caqueta
348,18999,0,0,0,0,0,0,0,1,0,0,0,0,0,0,0,0,0,0,0,0,0,0,18,Caqueta
349,19001,4,13,10,5,13,9,13,17,16,14,13,12,19,20,17,24,22,32,24,30,25,popayan,19,Cauca
350,19022,0,0,0,0,0,0,0,0,0,2,1,1,0,0,0,0,0,0,0,2,0,almaguer,19,Cauca
351,19050,0,1,0,0,0,0,0,0,0,0,0,0,0,1,0,0,2,0,1,0,0,argelia,19,Cauca
352,19075,1,0,0,1,0,0,0,0,0,0,0,0,0,0,0,0,0,0,0,1,0,balboa,19,Cauca
353,19100,0,0,2,0,0,0,0,0,0,0,1,0,0,0,0,1,1,0,0,1,1,bolivar,19,Cauca
354,19110,0,0,0,0,0,0,1,0,0,3,0,0,2,1,2,0,1,1,2,1,1,buenos aires,19,Cauca
355,19130,1,1,1,0,1,0,0,0,0,1,0,0,4,2,0,2,0,0,0,0,0,cajibio,19,Cauca
356,19137,0,0,2,0,0,0,1,0,0,0,0,1,1,0,0,0,0,0,1,0,2,caldono,19,Cauca
357,19142,1,0,1,3,0,1,0,2,0,0,3,0,1,0,2,2,2,2,1,1,0,caloto,19,Cauca
358,19212,2,1,0,1,0,1,0,3,1,2,2,0,1,2,2,1,4,1,2,0,1,corinto,19,Cauca
359,19256,1,2,0,1,0,0,0,0,1,0,1,0,0,0,4,0,0,3,3,3,0,el tambo,19,Cauca
360,19290,0,0,0,0,0,0,0,0,0,0,1,0,0,0,0,1,1,0,0,0,0,florencia,19,Cauca
361,19318,0,0,0,0,0,0,0,0,0,0,0,0,0,1,0,1,0,1,2,0,1,guapi,19,Cauca
362,19355,0,0,0,0,0,1,0,0,0,1,0,1,0,0,0,0,0,0,1,0,0,inza,19,Cauca
363,19364,0,0,0,0,0,0,0,0,0,0,0,0,0,0,0,0,1,0,0,0,0,jambalo,19,Cauca
364,19392,0,0,0,0,0,0,0,0,1,0,1,0,1,0,0,0,0,0,1,0,2,la sierra,19,Cauca
365,19397,0,0,0,0,0,1,1,3,0,0,0,1,1,0,0,0,0,0,0,0,0,la vega,19,Cauca
366,19418,0,0,1,0,0,0,0,0,1,0,0,0,0,0,0,0,0,0,0,0,1,lopez de micay,19,Cauca
367,19450,0,0,1,1,0,1,1,0,0,0,0,0,0,0,0,0,0,0,0,0,1,mercaderes,19,Cauca
368,19455,2,1,0,0,2,1,0,0,1,2,1,3,3,0,1,1,1,2,4,0,1,miranda,19,Cauca
369,19473,0,1,0,0,1,0,0,0,1,1,0,0,0,2,1,0,0,1,0,1,2,morales,19,Cauca
370,19513,0,0,1,0,1,0,0,1,0,0,0,2,1,0,0,1,2,0,1,0,0,padilla,19,Cauca
371,19517,0,0,0,1,2,0,0,1,1,1,1,0,0,1,0,0,0,0,0,0,0,paez,19,Cauca
372,19532,1,0,0,1,1,0,0,1,2,1,0,0,1,0,3,0,1,1,2,1,2,patia,19,Cauca
373,19548,0,0,1,1,1,0,1,0,1,1,1,0,1,0,2,2,1,1,1,1,1,piendamo - tunia,19,Cauca
374,19573,3,2,0,1,2,3,4,1,1,3,3,8,2,3,2,4,3,3,6,1,6,puerto tejada,19,Cauca
375,19585,0,0,0,0,0,1,0,0,0,0,0,0,0,2,0,0,0,1,0,3,0,purace,19,Cauca
376,19622,0,0,1,1,1,0,0,0,0,0,1,0,0,0,0,2,1,0,1,0,0,rosas,19,Cauca
377,19693,0,1,0,0,0,0,0,0,0,1,0,0,0,0,0,0,0,0,0,0,0,san sebastian,19,Cauca
378,19698,0,2,5,3,1,3,3,4,3,5,4,2,2,3,2,9,6,6,7,2,7,santander de quilichao,19,Cauca
379,19701,0,0,0,0,0,0,0,0,0,1,0,0,0,0,0,0,0,0,0,0,0,santa rosa,19,Cauca
380,19743,2,0,2,1,1,1,0,1,0,0,0,0,0,0,1,0,0,1,1,1,1,silvia,19,Cauca
381,19760,0,0,0,1,0,0,0,0,0,1,1,0,2,0,1,0,1,0,0,1,0,sotara paispamba,19,Cauca
382,19780,0,0,0,0,0,0,0,0,1,0,0,0,0,0,1,1,0,0,1,1,2,suarez,19,Cauca
383,19807,2,0,1,2,1,0,0,1,0,0,3,0,3,2,2,4,2,2,2,2,0,timbio,19,Cauca
384,19809,0,0,0,0,0,0,0,0,0,0,0,0,1,1,1,0,0,0,0,0,0,timbiqui,19,Cauca
385,19821,0,0,0,0,0,0,0,0,0,0,0,1,0,0,0,0,1,0,0,0,0,toribio,19,Cauca
386,19824,0,0,1,0,0,0,2,0,0,0,0,0,0,0,0,0,0,0,0,0,0,totoro,19,Cauca
387,20001,5,8,5,7,13,6,7,11,16,13,20,15,21,19,25,27,35,21,24,33,25,valledupar,20,Cesar
388,20011,2,0,0,1,1,2,0,1,0,1,3,2,1,3,4,4,2,5,3,2,9,aguachica,20,Cesar
389,20013,0,1,4,2,1,1,0,2,2,3,1,1,1,1,2,2,6,0,2,3,4,agustin codazzi,20,Cesar
390,20032,0,0,0,0,0,0,0,0,0,1,0,0,0,0,2,0,1,0,0,1,1,astrea,20,Cesar
391,20045,0,0,0,0,0,0,0,2,0,0,1,0,1,0,0,1,1,2,0,0,2,becerril,20,Cesar
392,20060,0,0,0,0,1,0,0,0,1,0,1,0,0,1,2,2,2,0,0,1,5,bosconia,20,Cesar
393,20175,0,0,2,0,1,1,1,0,3,0,0,0,1,0,0,1,0,0,3,1,0,chimichagua,20,Cesar
394,20178,0,1,0,1,0,1,1,0,0,0,0,0,3,2,0,1,1,1,1,4,1,chiriguana,20,Cesar
395,20228,0,0,1,0,0,1,0,0,2,1,1,1,1,0,2,1,0,1,0,2,1,curumani,20,Cesar
396,20238,0,3,0,0,0,0,1,0,1,0,0,2,0,0,0,0,1,1,0,2,0,el copey,20,Cesar
397,20250,0,0,0,0,0,0,1,0,0,0,0,0,0,1,0,0,0,1,1,2,2,el paso,20,Cesar
398,20295,1,0,1,0,0,1,0,0,2,0,0,1,0,0,1,1,0,1,1,1,1,gamarra,20,Cesar
399,20310,0,0,0,0,0,0,0,0,0,1,1,0,0,0,0,0,0,0,0,1,0,gonzalez,20,Cesar
400,20383,0,0,0,1,0,0,0,0,1,0,0,0,0,0,1,1,0,1,1,0,2,la gloria,20,Cesar
401,20400,0,0,0,0,0,0,2,2,0,0,1,0,0,0,0,1,1,1,1,3,1,la jagua de ibirico,20,Cesar
402,20443,0,0,0,0,0,0,0,1,0,0,1,0,0,0,0,0,1,0,0,1,1,manaure balcon del cesar,20,Cesar
403,20517,0,0,0,0,0,0,0,0,0,2,2,0,1,0,0,0,1,1,2,0,1,pailitas,20,Cesar
404,20550,0,0,1,0,0,0,1,0,0,1,0,0,0,0,0,1,0,1,2,0,1,pelaya,20,Cesar
405,20570,0,0,0,0,0,0,1,0,0,0,0,0,0,0,0,1,0,0,0,0,1,pueblo bello,20,Cesar
406,20614,0,0,0,0,0,0,1,0,1,0,0,1,0,0,0,0,2,0,1,0,0,rio de oro,20,Cesar
407,20621,0,0,1,1,1,0,1,0,2,0,0,0,1,1,0,2,1,1,1,2,3,la paz,20,Cesar
408,20710,0,0,0,1,1,0,0,0,1,0,1,1,1,0,0,1,1,0,0,0,0,san alberto,20,Cesar
409,20750,1,0,2,0,0,0,0,0,0,0,0,1,1,0,0,1,1,1,2,0,1,san diego,20,Cesar
410,20770,1,0,0,1,1,0,0,1,0,1,0,0,0,0,2,0,3,0,0,0,2,san martin,20,Cesar
411,20787,0,0,0,0,0,0,1,0,0,1,0,0,0,1,1,2,0,5,0,0,0,tamalameque,20,Cesar
412,23001,10,9,14,13,7,10,7,11,13,17,13,20,20,30,33,28,33,27,37,28,40,monteria,23,Cordoba
413,23068,0,0,0,0,1,1,1,0,1,0,0,0,0,1,0,1,1,1,0,4,0,ayapel,23,Cordoba
414,23079,0,0,0,0,0,0,0,0,0,0,0,1,1,0,1,0,0,0,0,0,1,buenavista,23,Cordoba
415,23090,0,0,0,0,0,0,0,0,0,0,0,0,1,0,0,0,0,0,2,0,0,canalete,23,Cordoba
416,23162,0,0,2,3,4,2,2,2,1,4,1,3,5,1,3,1,1,2,4,7,4,cerete,23,Cordoba
417,23168,1,0,0,0,0,1,0,0,0,0,0,0,0,1,0,0,0,0,0,0,0,chima,23,Cordoba
418,23182,0,1,1,1,1,1,0,0,1,0,1,2,1,2,3,2,0,0,0,0,3,chinu,23,Cordoba
419,23189,1,0,1,4,0,0,1,1,3,1,1,3,3,1,3,3,4,1,4,0,3,cienaga de oro,23,Cordoba
420,23300,0,0,0,0,2,1,0,0,0,1,0,1,1,0,1,0,0,0,0,0,0,cotorra,23,Cordoba
421,23350,0,0,0,0,1,0,0,0,1,0,0,1,3,0,1,0,0,0,0,0,1,la apartada,23,Cordoba
422,23417,1,1,2,0,1,0,2,2,1,4,2,3,4,3,6,5,6,6,8,7,4,lorica,23,Cordoba
423,23419,0,0,0,0,0,0,0,0,0,0,0,0,0,0,0,0,0,0,1,1,1,los cordobas,23,Cordoba
424,23464,0,2,0,0,0,0,0,1,0,0,1,1,0,0,0,1,0,0,1,1,0,momil,23,Cordoba
425,23466,0,0,1,0,0,1,0,0,1,0,0,0,3,0,2,3,2,1,2,5,3,montelibano,23,Cordoba
426,23500,0,2,0,0,0,1,0,0,0,0,0,0,0,0,0,0,0,0,0,2,1,monitos,23,Cordoba
427,23555,0,0,1,4,1,1,5,2,3,0,0,2,3,2,1,2,4,3,6,6,4,planeta rica,23,Cordoba
428,23570,0,0,1,0,0,0,0,0,2,0,0,0,2,0,0,1,1,1,1,0,1,pueblo nuevo,23,Cordoba
429,23574,0,0,0,0,0,0,0,0,0,0,0,0,0,0,0,0,1,0,0,1,0,puerto escondido,23,Cordoba
430,23580,1,0,0,0,0,0,1,0,0,0,0,0,1,0,0,0,0,0,0,1,2,puerto libertador,23,Cordoba
431,23586,0,0,0,0,0,0,1,0,1,0,1,0,0,0,0,0,2,0,0,0,0,purisima de la concepcion,23,Cordoba
432,23660,3,0,1,4,1,2,2,3,3,1,2,3,5,2,5,1,3,5,5,6,5,sahagun,23,Cordoba
433,23670,0,0,0,0,0,2,0,0,1,0,1,0,1,1,2,0,0,0,2,1,1,san andres de sotavento,23,Cordoba
434,23672,0,0,2,0,0,0,0,0,0,1,2,1,1,1,0,1,0,0,0,1,1,san antero,23,Cordoba
435,23675,1,1,0,0,0,0,0,0,0,1,0,1,0,1,1,2,0,0,1,0,1,san bernardo del viento,23,Cordoba
436,23678,1,0,0,1,0,0,0,0,0,0,0,0,1,0,0,0,1,0,3,1,0,san carlos,23,Cordoba
437,23686,0,0,1,0,1,1,0,0,2,1,2,0,0,0,2,1,0,2,1,1,1,san pelayo,23,Cordoba
438,23807,0,0,1,0,1,1,1,1,1,3,1,0,0,0,5,0,4,3,1,3,3,tierralta,23,Cordoba
439,23855,0,0,0,0,0,0,1,1,2,0,1,1,1,0,3,1,2,1,0,0,0,valencia,23,Cordoba
440,25001,1,0,0,1,0,1,3,1,0,3,0,0,0,1,1,2,1,0,2,0,1,agua de dios,25,Cundinamarca
441,25019,0,0,0,0,1,0,0,0,1,0,0,0,0,0,0,0,1,0,0,0,0,alban,25,Cundinamarca
442,25035,0,1,1,0,0,2,0,0,1,0,0,1,0,0,0,2,0,0,1,1,1,anapoima,25,Cundinamarca
443,25040,0,0,1,0,1,1,1,0,0,0,0,1,0,1,2,1,0,0,1,0,0,anolaima,25,Cundinamarca
444,25053,0,0,0,2,0,0,0,2,0,1,1,0,0,0,0,0,1,2,3,0,0,arbelaez,25,Cundinamarca
445,25086,0,0,0,0,0,0,0,0,0,1,0,0,0,0,0,0,0,0,0,0,0,beltran,25,Cundinamarca
446,25095,0,0,0,0,0,0,0,0,0,0,0,1,0,0,0,0,1,0,0,0,0,bituima,25,Cundinamarca
447,25099,0,0,0,0,0,0,0,0,0,0,0,0,0,0,0,0,1,0,0,0,0,bojaca,25,Cundinamarca
448,25123,0,0,0,0,1,0,0,2,0,1,0,0,2,0,2,1,1,1,0,1,0,cachipay,25,Cundinamarca
449,25126,1,3,0,2,2,2,2,3,1,3,2,0,4,3,2,3,1,5,8,6,4,cajica,25,Cundinamarca
450,25148,0,0,0,0,0,0,1,0,1,1,0,1,0,0,0,0,0,0,0,0,0,caparrapi,25,Cundinamarca
451,25151,1,0,0,1,0,1,1,2,0,1,0,0,0,2,1,1,1,0,1,1,1,caqueza,25,Cundinamarca
452,25154,0,0,0,0,0,0,2,0,0,1,0,1,0,0,0,0,0,0,2,0,0,carmen de carupa,25,Cundinamarca
453,25168,0,0,0,0,1,0,1,0,1,0,0,1,0,0,0,0,0,0,0,0,1,chaguani,25,Cundinamarca
454,25175,5,0,3,5,5,5,3,4,9,1,5,8,6,6,10,6,4,9,12,6,10,chia,25,Cundinamarca
455,25178,0,0,0,2,0,0,0,1,0,2,0,1,0,0,0,1,0,2,1,1,0,chipaque,25,Cundinamarca
456,25181,0,1,0,0,0,1,1,1,0,1,1,0,0,1,0,1,2,2,1,0,1,choachi,25,Cundinamarca
457,25183,0,0,1,1,2,1,0,1,1,1,0,1,3,0,0,1,0,1,0,2,1,choconta,25,Cundinamarca
458,25200,0,1,0,2,1,0,0,0,1,1,0,0,1,1,0,0,1,1,0,0,2,cogua,25,Cundinamarca
459,25214,1,0,0,0,0,2,1,0,0,1,0,2,0,3,0,1,2,0,0,1,1,cota,25,Cundinamarca
460,25224,0,0,1,0,0,0,0,0,0,0,1,0,0,1,0,0,0,1,0,0,0,cucunuba,25,Cundinamarca
461,25245,1,0,1,0,1,0,0,1,1,1,2,0,3,3,1,3,1,0,1,3,2,el colegio,25,Cundinamarca
462,25258,0,0,0,0,0,0,0,0,0,2,0,0,1,0,0,0,0,0,0,0,0,el penon,25,Cundinamarca
463,25260,0,0,1,0,0,0,0,1,0,0,0,0,1,0,2,1,1,1,0,1,1,el rosal,25,Cundinamarca
464,25269,0,0,2,4,1,3,3,5,5,8,7,7,6,5,8,5,8,6,8,10,5,facatativa,25,Cundinamarca
465,25279,1,0,0,1,1,3,0,1,1,0,0,0,0,1,2,0,0,1,0,1,1,fomeque,25,Cundinamarca
466,25281,0,0,0,0,0,0,0,1,0,0,0,0,0,0,1,1,0,1,0,0,0,fosca,25,Cundinamarca
467,25286,1,2,4,2,1,1,4,5,3,1,3,1,3,1,4,1,3,0,2,10,6,funza,25,Cundinamarca
468,25288,1,0,1,0,0,0,1,0,0,0,0,0,1,0,0,0,0,1,0,0,0,fuquene,25,Cundinamarca
469,25290,5,0,0,6,6,5,11,6,4,2,3,10,10,11,7,15,8,11,15,11,13,fusagasuga,25,Cundinamarca
470,25293,1,0,0,0,0,0,1,0,0,0,0,0,0,0,0,1,0,0,0,0,0,gachala,25,Cundinamarca
471,25295,1,1,0,0,0,0,2,0,0,2,0,0,0,1,1,0,0,0,0,2,1,gachancipa,25,Cundinamarca
472,25297,0,0,0,0,0,0,0,0,0,0,0,0,1,0,1,0,0,0,0,0,0,gacheta,25,Cundinamarca
473,25299,0,0,0,0,0,1,1,0,0,1,0,0,0,0,0,0,0,0,0,1,0,gama,25,Cundinamarca
474,25307,7,8,6,4,8,6,4,5,5,8,9,13,8,7,11,11,9,16,11,11,14,girardot,25,Cundinamarca
475,25312,0,0,0,1,0,0,0,0,0,0,0,0,1,1,0,0,0,0,0,0,0,granada,25,Cundinamarca
476,25317,0,0,1,0,0,0,0,0,1,2,0,0,0,1,1,2,1,0,0,0,0,guacheta,25,Cundinamarca
477,25320,2,0,1,1,0,0,1,2,0,0,1,0,2,3,0,1,3,1,0,1,0,guaduas,25,Cundinamarca
478,25322,0,0,0,1,0,0,1,0,0,0,0,2,0,0,0,1,0,0,0,0,2,guasca,25,Cundinamarca
479,25324,0,0,0,0,0,0,0,1,0,0,0,0,0,1,0,0,0,0,0,0,0,guataqui,25,Cundinamarca
480,25326,1,0,1,0,1,0,0,0,0,0,0,1,1,0,0,1,0,0,1,0,1,guatavita,25,Cundinamarca
481,25328,0,0,0,1,0,0,0,0,0,0,0,0,0,0,0,0,0,0,0,0,0,guayabal de siquima,25,Cundinamarca
482,25335,0,0,0,2,0,0,0,0,1,0,0,0,0,0,0,0,0,0,1,1,0,guayabetal,25,Cundinamarca
483,25339,0,0,0,0,0,1,0,0,0,0,0,0,0,0,0,0,0,0,0,0,0,gutierrez,25,Cundinamarca
484,25368,0,0,0,0,0,0,0,0,0,0,1,0,0,0,0,0,0,0,1,0,0,jerusalen,25,Cundinamarca
485,25372,2,0,0,0,1,1,0,1,0,0,0,1,0,0,0,1,0,0,0,0,0,junin,25,Cundinamarca
486,25377,1,0,0,0,0,2,2,0,2,2,1,0,2,2,1,1,1,0,2,2,3,la calera,25,Cundinamarca
487,25386,1,0,1,1,1,1,2,1,0,0,3,1,2,0,0,1,1,3,3,3,2,la mesa,25,Cundinamarca
488,25394,0,0,0,0,0,1,0,2,3,2,1,0,0,0,0,1,0,4,0,0,1,la palma,25,Cundinamarca
489,25398,0,0,0,0,0,0,0,0,1,0,0,0,0,0,0,0,1,0,0,1,0,la pena,25,Cundinamarca
490,25402,0,0,1,1,1,0,0,1,1,0,0,0,1,1,2,2,0,2,1,0,0,la vega,25,Cundinamarca
491,25407,0,1,0,0,1,0,1,1,1,1,0,0,0,1,0,0,0,0,0,2,1,lenguazaque,25,Cundinamarca
492,25426,0,0,0,0,0,0,0,0,0,0,0,0,0,1,1,2,0,0,2,0,0,macheta,25,Cundinamarca
493,25430,2,2,2,4,2,1,0,1,2,2,3,3,3,5,1,4,3,4,8,6,7,madrid,25,Cundinamarca
494,25436,0,0,0,0,0,2,0,0,0,0,1,0,0,0,0,0,0,0,0,0,0,manta,25,Cundinamarca
495,25438,0,0,0,0,0,0,0,1,0,0,0,2,1,0,1,1,0,0,0,0,0,medina,25,Cundinamarca
496,25473,1,0,1,1,1,0,0,0,1,2,0,7,2,4,1,2,1,5,7,2,5,mosquera,25,Cundinamarca
497,25483,0,1,0,0,0,0,1,1,0,0,0,0,0,0,0,0,1,0,1,0,0,narino,25,Cundinamarca
498,25486,0,1,2,0,0,0,0,0,0,0,2,1,0,1,1,0,0,0,0,0,1,nemocon,25,Cundinamarca
499,25488,0,0,0,1,0,0,0,0,0,0,0,1,0,0,0,0,0,0,0,0,0,nilo,25,Cundinamarca
500,25489,1,0,0,0,0,1,0,1,0,1,0,1,0,0,0,0,0,1,0,1,0,nimaima,25,Cundinamarca
501,25491,0,0,1,0,1,0,0,0,0,0,0,0,0,0,0,0,0,0,0,0,0,nocaima,25,Cundinamarca
502,25506,0,0,0,0,0,0,0,1,1,0,0,0,0,0,0,0,0,0,0,0,1,venecia,25,Cundinamarca
503,25513,1,1,1,2,2,0,0,0,3,5,3,3,2,2,0,2,5,3,3,4,3,pacho,25,Cundinamarca
504,25518,0,1,0,1,0,0,0,0,0,1,0,0,0,0,0,0,0,0,0,0,0,paime,25,Cundinamarca
505,25524,0,0,0,2,0,1,0,1,0,0,0,0,0,0,0,0,0,0,0,0,0,pandi,25,Cundinamarca
506,25530,0,0,0,0,1,0,0,0,0,0,0,0,0,0,0,0,0,0,0,1,1,paratebueno,25,Cundinamarca
507,25535,0,0,0,0,0,0,0,0,0,0,0,0,0,0,0,1,1,0,0,0,0,pasca,25,Cundinamarca
508,25572,0,1,0,0,0,0,0,0,2,0,3,0,1,0,0,3,0,1,1,2,0,puerto salgar,25,Cundinamarca
509,25592,0,0,0,0,0,0,0,0,0,0,0,0,0,0,0,1,1,0,1,0,0,quebradanegra,25,Cundinamarca
510,25594,0,0,2,0,1,0,0,0,0,0,0,1,0,0,1,2,0,1,0,0,0,quetame,25,Cundinamarca
511,25596,0,1,0,0,0,0,0,1,0,1,0,0,1,1,1,1,0,0,0,2,1,quipile,25,Cundinamarca
512,25599,0,1,0,0,1,0,0,0,0,0,2,1,1,0,1,1,1,0,0,1,1,apulo,25,Cundinamarca
513,25612,0,0,0,1,0,0,0,1,0,0,0,0,0,2,0,0,1,1,0,1,2,ricaurte,25,Cundinamarca
514,25645,0,0,0,1,0,0,0,0,0,1,0,0,0,1,0,0,0,0,0,0,2,san antonio del tequendama,25,Cundinamarca
515,25649,0,0,1,0,1,1,0,1,1,0,0,1,1,0,0,1,1,0,0,0,0,san bernardo,25,Cundinamarca
516,25658,0,1,0,0,1,0,0,1,1,0,0,0,0,0,0,0,2,0,0,0,0,san francisco,25,Cundinamarca
517,25662,1,0,0,0,0,0,0,1,1,2,0,0,1,0,1,0,1,1,1,1,0,san juan de rioseco,25,Cundinamarca
518,25718,0,0,0,0,1,0,2,0,1,0,0,0,1,1,1,0,0,0,1,1,0,sasaima,25,Cundinamarca
519,25736,0,1,1,0,0,0,0,0,1,0,0,0,0,0,0,1,0,1,1,2,0,sesquile,25,Cundinamarca
520,25740,1,0,0,2,1,1,0,0,2,3,2,2,0,1,0,1,3,3,2,3,0,sibate,25,Cundinamarca
521,25743,0,0,0,0,0,0,0,1,2,1,0,2,2,1,1,1,2,1,0,0,2,silvania,25,Cundinamarca
522,25745,0,0,0,1,0,0,0,2,0,1,0,1,0,0,0,1,0,0,1,2,0,simijaca,25,Cundinamarca
523,25754,3,3,12,7,6,15,9,11,12,15,13,7,13,12,16,22,16,22,33,34,32,soacha,25,Cundinamarca
524,25758,0,0,0,2,0,0,2,0,1,0,0,2,0,1,1,0,0,1,3,2,3,sopo,25,Cundinamarca
525,25769,0,0,0,0,1,1,1,3,2,0,0,1,1,1,0,1,0,0,2,0,1,subachoque,25,Cundinamarca
526,25772,1,0,1,0,0,0,1,1,0,0,0,0,0,0,0,0,1,0,0,0,0,suesca,25,Cundinamarca
527,25777,0,0,0,0,0,0,0,0,0,0,0,0,0,0,1,0,0,0,1,1,0,supata,25,Cundinamarca
528,25779,0,0,0,0,1,0,0,0,1,0,0,1,0,2,0,1,1,1,0,0,0,susa,25,Cundinamarca
529,25781,1,0,0,0,0,0,1,0,0,0,0,0,0,0,0,0,0,1,0,1,0,sutatausa,25,Cundinamarca
530,25785,0,1,1,0,1,2,0,2,0,2,0,0,2,1,0,1,0,2,0,1,1,tabio,25,Cundinamarca
531,25793,0,0,0,0,0,0,0,0,1,0,0,0,0,0,1,0,0,0,0,0,0,tausa,25,Cundinamarca
532,25797,0,0,0,0,0,0,1,1,0,0,2,1,0,0,0,1,0,0,0,0,0,tena,25,Cundinamarca
533,25799,1,0,0,0,1,1,0,0,1,1,0,1,1,0,1,0,2,1,2,0,0,tenjo,25,Cundinamarca
534,25805,0,0,0,0,0,0,0,0,0,0,0,0,0,0,0,0,0,1,0,0,0,tibacuy,25,Cundinamarca
535,25807,0,0,0,0,0,0,1,0,1,0,0,0,0,0,0,0,0,0,0,0,1,tibirita,25,Cundinamarca
536,25815,0,2,3,1,0,0,2,1,0,1,1,1,1,4,2,1,4,0,1,3,1,tocaima,25,Cundinamarca
537,25817,1,0,0,0,1,1,1,0,0,1,1,1,3,1,0,1,3,0,1,0,2,tocancipa,25,Cundinamarca
538,25823,0,1,0,0,0,1,0,0,0,0,0,0,0,1,1,0,0,0,0,0,0,topaipi,25,Cundinamarca
539,25839,1,0,0,1,0,0,0,0,0,0,0,0,0,0,0,0,1,0,0,4,0,ubala,25,Cundinamarca
540,25841,0,1,0,0,0,0,0,0,0,1,0,0,0,0,0,1,1,0,0,0,1,ubaque,25,Cundinamarca
541,25843,1,1,1,0,1,0,1,2,1,1,2,2,2,1,1,1,3,1,2,3,1,villa de san diego de ubate,25,Cundinamarca
542,25845,0,1,1,0,1,0,0,0,0,0,0,0,0,0,0,0,0,0,1,0,0,une,25,Cundinamarca
543,25851,0,0,0,0,0,0,0,1,0,0,1,0,0,1,0,1,1,0,1,0,0,utica,25,Cundinamarca
544,25862,1,0,0,0,1,1,2,0,1,0,1,1,2,0,1,0,0,0,0,0,0,vergara,25,Cundinamarca
545,25867,0,1,0,1,0,0,0,0,0,0,0,1,0,0,0,0,0,1,0,0,1,viani,25,Cundinamarca
546,25873,1,0,0,2,0,0,1,2,2,0,0,0,1,0,0,0,0,0,2,1,0,villapinzon,25,Cundinamarca
547,25875,0,1,0,1,1,2,0,3,1,3,2,0,2,0,2,2,1,0,2,1,0,villeta,25,Cundinamarca
548,25878,0,1,0,0,0,1,1,1,0,0,0,0,0,2,1,1,1,0,0,0,0,viota,25,Cundinamarca
549,25885,0,0,0,2,1,0,2,0,1,1,0,0,1,1,1,2,1,1,0,2,0,yacopi,25,Cundinamarca
550,25898,0,0,0,0,0,0,0,0,0,0,0,1,0,0,1,1,0,0,2,0,0,zipacon,25,Cundinamarca
551,25899,3,2,4,5,4,4,4,3,7,6,4,9,4,8,1,1,7,9,14,10,6,zipaquira,25,Cundinamarca
552,25999,0,0,1,0,1,1,0,1,0,0,0,2,0,0,0,0,0,0,0,0,0,0,25,Cundinamarca
553,27001,4,2,2,4,4,3,4,1,8,4,4,4,2,4,3,5,9,1,6,9,2,quibdo,27,Choco
554,27006,0,0,1,0,0,0,1,0,0,0,0,1,0,0,0,0,0,1,0,1,0,acandi,27,Choco
555,27025,0,0,0,0,0,0,0,0,0,0,0,0,0,0,0,1,1,0,0,1,0,alto baudo,27,Choco
556,27050,0,0,0,0,0,0,0,0,0,0,0,0,0,0,1,0,0,0,0,0,0,atrato,27,Choco
557,27073,0,0,0,0,1,0,0,0,0,0,0,0,0,0,0,0,0,0,0,0,0,bagado,27,Choco
558,27075,0,0,0,0,0,0,0,1,0,0,0,0,1,0,0,0,0,0,0,0,0,bahia solano,27,Choco
559,27077,0,0,0,0,0,0,0,0,0,0,0,0,0,0,0,1,1,0,0,0,0,bajo baudo,27,Choco
560,27099,0,0,0,0,0,0,0,0,0,0,0,0,1,0,0,0,0,0,0,0,0,bojaya,27,Choco
561,27205,2,0,1,0,1,0,0,0,0,0,0,0,1,1,0,1,0,0,0,0,0,condoto,27,Choco
562,27245,0,0,0,0,0,0,0,0,0,0,1,0,0,0,1,0,0,0,0,1,1,el carmen de atrato,27,Choco
563,27361,0,1,2,1,0,0,0,0,0,0,0,1,0,0,0,1,0,0,0,1,3,istmina,27,Choco
564,27372,0,0,0,0,0,0,0,0,0,0,1,0,0,0,0,0,0,0,0,0,0,jurado,27,Choco
565,27413,0,0,0,0,0,0,0,0,0,0,0,0,1,0,1,0,0,0,0,1,0,lloro,27,Choco
566,27495,0,0,0,0,0,0,1,0,0,0,0,0,0,1,0,0,0,0,0,0,0,nuqui,27,Choco
567,27615,0,0,0,0,0,0,0,1,0,0,1,0,0,0,0,0,0,0,0,0,1,riosucio,27,Choco
568,27660,0,0,0,0,0,0,0,0,0,0,1,1,0,0,0,0,0,0,0,0,0,san jose del palmar,27,Choco
569,27787,0,1,0,0,0,0,0,0,0,1,0,0,0,1,0,0,0,1,2,0,0,tado,27,Choco
570,27800,0,0,0,0,0,0,0,0,0,0,0,0,2,0,0,0,0,1,0,0,0,unguia,27,Choco
571,27999,0,0,0,0,0,0,0,0,0,0,0,0,1,0,0,0,0,0,0,0,0,0,27,Choco
572,41001,12,11,18,16,16,18,23,21,23,16,24,28,31,31,26,26,37,40,33,32,34,neiva,41,Huila
573,41006,0,0,0,0,1,1,0,1,0,1,1,0,0,2,0,1,0,0,0,1,1,acevedo,41,Huila
574,41013,0,0,0,0,1,0,0,1,0,0,0,0,0,1,0,1,1,1,1,0,2,agrado,41,Huila
575,41016,0,0,1,0,0,0,0,0,0,0,3,1,0,0,1,2,1,0,0,1,3,aipe,41,Huila
576,41020,0,1,0,1,0,1,2,1,0,1,1,0,1,0,0,1,1,1,0,1,0,algeciras,41,Huila
577,41078,1,1,1,0,0,0,0,0,0,1,1,0,2,0,0,0,0,1,0,0,0,baraya,41,Huila
578,41132,1,2,1,1,1,2,1,3,1,0,2,1,3,2,1,3,2,0,0,4,2,campoalegre,41,Huila
579,41206,2,0,0,0,0,0,0,0,0,0,0,0,0,1,0,0,0,0,0,0,0,colombia,41,Huila
580,41244,0,0,2,0,0,2,0,0,0,0,0,1,0,0,0,0,0,0,0,0,0,elias,41,Huila
581,41298,2,1,2,0,0,1,3,2,1,7,1,2,2,1,5,4,3,3,4,5,2,garzon,41,Huila
582,41306,2,3,0,1,0,0,2,0,0,4,5,1,0,0,2,3,0,1,1,0,2,gigante,41,Huila
583,41319,0,0,0,0,0,0,0,0,1,2,0,0,1,1,1,0,2,0,1,0,0,guadalupe,41,Huila
584,41349,0,0,0,0,0,1,0,0,1,0,1,1,0,0,0,2,0,0,0,0,0,hobo,41,Huila
585,41357,0,0,0,0,0,0,0,0,0,0,0,0,1,0,0,0,0,0,0,0,1,iquira,41,Huila
586,41359,0,1,0,0,0,0,0,1,1,0,0,2,0,0,1,1,0,0,1,0,0,isnos,41,Huila
587,41378,0,0,0,1,0,0,0,0,0,0,0,0,0,0,0,1,1,0,0,1,0,la argentina,41,Huila
588,41396,2,1,0,0,1,0,0,1,0,0,2,2,1,1,0,5,1,0,1,4,1,la plata,41,Huila
589,41483,0,0,0,1,0,0,1,0,0,0,1,0,0,1,0,0,0,2,0,0,0,nataga,41,Huila
590,41503,1,0,1,1,0,0,0,1,0,0,0,0,0,0,1,1,0,2,1,0,0,oporapa,41,Huila
591,41518,0,0,1,0,0,0,0,0,0,0,2,0,0,0,0,0,0,1,0,0,1,paicol,41,Huila
592,41524,0,1,2,2,0,0,0,1,0,2,1,1,3,1,1,1,0,2,3,4,1,palermo,41,Huila
593,41530,0,0,0,0,1,0,0,0,0,1,0,0,0,0,0,1,0,0,0,0,1,palestina,41,Huila
594,41548,0,1,0,0,1,1,0,0,0,1,1,0,2,1,0,0,0,1,0,0,1,pital,41,Huila
595,41551,2,3,3,2,2,8,2,6,2,5,4,5,5,2,4,2,15,10,8,4,7,pitalito,41,Huila
596,41615,1,2,0,1,0,1,0,0,1,1,0,0,0,2,1,0,2,0,2,2,4,rivera,41,Huila
597,41660,0,0,0,0,0,0,0,0,0,0,0,0,0,0,0,0,0,0,1,0,0,saladoblanco,41,Huila
598,41668,1,0,2,2,0,0,0,2,0,2,0,0,1,1,0,2,0,1,1,0,4,san agustin,41,Huila
599,41676,0,0,1,0,0,0,0,0,0,0,0,0,0,0,1,0,1,0,0,0,1,santa maria,41,Huila
600,41770,0,0,0,0,0,1,0,0,0,1,0,0,0,0,0,1,0,1,0,0,1,suaza,41,Huila
601,41791,0,0,1,0,0,0,0,0,1,0,0,1,2,0,0,0,0,0,1,1,1,tarqui,41,Huila
602,41797,0,0,0,0,1,0,0,0,0,0,0,0,0,0,0,0,1,1,0,1,0,tesalia,41,Huila
603,41799,0,1,0,0,0,0,0,2,0,0,0,1,2,0,0,0,0,2,3,0,0,tello,41,Huila
604,41801,0,1,0,0,1,1,1,0,0,1,1,0,1,0,0,0,1,0,0,1,0,teruel,41,Huila
605,41807,0,2,0,0,0,0,0,0,1,1,0,0,1,0,0,0,2,0,3,1,1,timana,41,Huila
606,41872,0,0,0,0,0,0,1,0,0,1,1,0,0,1,0,0,0,0,0,1,0,villavieja,41,Huila
607,41885,0,0,0,1,1,0,0,0,0,0,2,0,1,0,0,0,0,1,1,1,1,yaguara,41,Huila
608,41999,0,0,0,0,1,0,0,0,0,0,0,0,0,0,0,0,0,0,0,0,0,0,41,Huila
609,44001,1,1,1,1,2,2,6,3,4,1,4,7,5,2,2,6,8,5,5,12,10,riohacha,44,La guajira
610,44078,1,1,0,0,1,0,1,1,0,2,0,0,1,1,2,2,1,0,1,2,3,barrancas,44,La guajira
611,44090,0,0,0,0,0,0,0,0,0,0,0,0,0,0,0,0,0,1,0,0,1,dibulla,44,La guajira
612,44098,1,0,0,0,0,0,0,0,0,0,0,0,1,0,0,0,0,0,1,0,1,distraccion,44,La guajira
613,44110,0,0,0,0,0,0,0,0,0,0,0,1,0,0,1,0,0,1,0,1,3,el molino,44,La guajira
614,44279,0,1,0,0,1,1,1,3,0,1,1,1,1,1,1,1,0,0,0,2,3,fonseca,44,La guajira
615,44378,0,0,0,0,0,0,0,0,0,0,0,0,0,1,0,0,0,1,2,0,0,hatonuevo,44,La guajira
616,44430,1,2,4,2,2,1,1,0,5,1,1,3,2,3,3,1,1,3,5,4,6,maicao,44,La guajira
617,44560,1,0,0,0,0,0,2,0,1,0,1,0,1,0,0,0,0,0,0,1,0,manaure,44,La guajira
618,44650,1,1,1,0,1,1,2,2,1,0,4,2,3,1,0,0,3,2,5,3,2,san juan del cesar,44,La guajira
619,44847,0,0,1,0,0,0,0,0,0,0,2,0,1,1,0,1,0,1,0,1,2,uribia,44,La guajira
620,44855,0,0,0,0,1,0,1,0,1,0,1,0,0,0,0,1,1,0,0,0,0,urumita,44,La guajira
621,44874,0,1,2,1,0,0,2,1,0,1,1,0,5,2,2,1,0,1,3,2,1,villanueva,44,La guajira
622,47001,12,17,18,17,14,26,27,21,24,27,16,25,25,30,37,32,33,31,48,45,49,santa marta,47,Magdalena
623,47053,0,0,1,0,1,0,0,2,0,2,0,0,1,1,0,0,1,1,0,1,4,aracataca,47,Magdalena
624,47058,0,0,0,0,1,2,0,0,2,1,0,1,1,2,1,0,0,1,1,1,2,ariguani,47,Magdalena
625,47161,0,0,0,1,0,0,0,0,1,0,0,1,0,0,0,1,0,1,0,0,1,cerro de san antonio,47,Magdalena
626,47170,0,1,2,0,0,0,0,0,0,0,0,0,0,0,0,0,1,1,0,0,0,chivolo,47,Magdalena
627,47189,4,4,5,1,3,0,5,4,1,8,4,10,3,2,3,5,5,7,8,14,5,cienaga,47,Magdalena
628,47245,0,0,2,0,0,1,0,1,2,3,0,5,1,1,1,3,4,0,3,5,4,el banco,47,Magdalena
629,47258,0,2,0,0,0,1,0,0,1,0,1,1,1,2,1,0,0,0,1,0,0,el pinon,47,Magdalena
630,47268,1,0,0,1,0,0,1,0,2,0,1,0,0,0,1,0,3,0,0,1,0,el reten,47,Magdalena
631,47288,0,2,1,1,2,1,2,1,6,2,2,1,1,1,3,1,2,4,2,4,7,fundacion,47,Magdalena
632,47318,1,0,0,0,0,2,0,0,0,0,1,1,0,0,0,0,0,2,0,0,2,guamal,47,Magdalena
633,47541,1,0,0,0,0,0,0,0,1,0,0,0,0,0,0,0,0,0,0,1,0,pedraza,47,Magdalena
634,47545,0,0,0,0,0,0,0,0,0,0,0,0,0,0,1,0,0,0,0,0,0,pijino del carmen,47,Magdalena
635,47551,4,1,0,0,2,0,1,0,1,0,0,0,1,1,3,1,1,2,2,2,0,pivijay,47,Magdalena
636,47555,0,1,0,1,3,2,3,1,0,3,0,1,0,4,3,3,1,3,0,4,6,plato,47,Magdalena
637,47570,0,1,0,0,1,0,0,0,0,1,0,2,3,1,0,0,2,0,1,0,0,puebloviejo,47,Magdalena
638,47605,0,0,0,0,0,0,0,0,0,0,0,0,0,0,0,0,0,0,0,1,1,remolino,47,Magdalena
639,47675,0,0,0,0,0,0,0,0,0,0,0,0,0,1,0,2,0,0,0,1,0,salamina,47,Magdalena
640,47692,0,0,0,0,0,0,0,0,1,0,0,0,0,0,0,0,0,1,0,0,0,san sebastian de buenavista,47,Magdalena
641,47703,0,1,0,0,0,0,0,0,0,0,0,1,0,0,0,0,0,1,0,0,0,san zenon,47,Magdalena
642,47707,0,0,0,0,0,0,0,1,0,1,0,1,0,0,0,0,1,1,0,0,0,santa ana,47,Magdalena
643,47745,0,1,0,0,0,0,0,1,0,0,0,0,0,1,0,0,0,1,0,0,1,sitionuevo,47,Magdalena
644,47798,0,0,0,0,0,0,1,0,0,0,0,0,0,0,0,1,1,0,0,0,0,tenerife,47,Magdalena
645,50001,11,11,10,8,16,13,13,21,28,21,29,18,33,21,33,28,36,29,23,43,51,villavicencio,50,Meta
646,50006,2,2,3,0,0,1,3,2,1,2,3,4,3,1,1,1,2,3,6,4,3,acacias,50,Meta
647,50110,0,0,0,0,0,0,0,0,0,0,0,0,0,0,0,0,1,0,1,1,0,barranca de upia,50,Meta
648,50124,0,0,0,1,0,0,0,0,0,0,0,0,0,0,0,0,0,1,1,0,0,cabuyaro,50,Meta
649,50150,0,0,0,0,0,1,0,0,0,2,0,0,0,0,0,1,1,0,0,0,0,castilla la nueva,50,Meta
650,50223,1,0,0,0,0,0,1,0,1,0,1,0,0,0,0,0,0,0,1,0,1,cubarral,50,Meta
651,50226,0,0,0,2,0,0,0,0,1,1,0,2,1,0,1,2,0,2,1,0,0,cumaral,50,Meta
652,50245,0,0,0,0,0,0,1,0,0,0,0,0,0,0,0,0,0,0,0,0,0,el calvario,50,Meta
653,50251,0,0,0,0,0,0,0,0,0,0,0,0,0,1,1,0,0,1,0,0,1,el castillo,50,Meta
654,50270,0,0,0,0,1,0,0,0,0,0,0,0,0,0,1,0,0,0,0,0,0,el dorado,50,Meta
655,50287,0,0,0,0,0,0,0,0,1,1,0,0,0,0,0,0,0,0,0,0,0,fuente de oro,50,Meta
656,50313,2,1,3,0,2,0,3,1,1,2,3,4,3,4,2,2,2,0,2,3,1,granada,50,Meta
657,50318,0,1,0,0,0,0,2,0,0,0,0,4,0,0,0,0,2,1,1,0,0,guamal,50,Meta
658,50325,0,0,0,0,0,0,0,0,0,0,0,0,0,1,0,0,0,0,0,1,0,mapiripan,50,Meta
659,50330,0,0,0,0,0,0,0,0,0,0,0,0,0,0,0,0,0,1,0,1,1,mesetas,50,Meta
660,50350,0,0,0,0,0,0,0,0,0,0,0,1,0,2,1,1,0,1,0,2,0,la macarena,50,Meta
661,50370,0,0,0,0,0,0,0,0,0,0,0,0,0,0,0,0,0,0,0,1,1,uribe,50,Meta
662,50400,0,0,1,0,0,0,1,0,0,0,1,0,0,1,0,1,1,0,1,1,0,lejanias,50,Meta
663,50450,0,0,0,0,0,0,1,0,0,0,0,0,0,1,0,0,0,0,0,0,0,puerto concordia,50,Meta
664,50568,0,0,0,0,0,0,0,0,0,0,2,0,0,0,0,0,0,1,0,1,0,puerto gaitan,50,Meta
665,50573,2,0,0,0,0,1,2,2,0,0,0,1,1,1,1,1,2,2,2,3,2,puerto lopez,50,Meta
666,50577,0,0,0,0,0,0,0,0,0,0,0,0,0,0,0,0,0,0,1,0,0,puerto lleras,50,Meta
667,50590,0,0,0,0,0,0,0,0,2,0,0,1,0,0,1,0,1,2,0,1,0,puerto rico,50,Meta
668,50606,0,0,1,1,0,0,0,0,1,2,0,0,1,1,1,0,0,0,0,1,2,restrepo,50,Meta
669,50680,0,0,0,1,0,1,0,0,0,0,1,0,0,0,1,0,0,0,1,0,0,san carlos de guaroa,50,Meta
670,50683,0,0,0,0,0,0,0,0,1,0,0,0,0,0,1,0,0,0,0,0,0,san juan de arama,50,Meta
671,50689,0,1,1,0,1,1,0,0,2,1,1,0,2,2,0,1,0,1,2,0,1,san martin,50,Meta
672,50711,1,0,0,0,0,1,0,0,0,0,0,2,0,0,0,0,0,0,1,0,0,vistahermosa,50,Meta
673,50999,0,0,1,0,0,1,0,0,0,0,0,0,0,0,0,0,0,0,0,0,0,0,50,Meta
674,52001,10,12,13,16,18,12,18,11,14,16,26,24,20,19,26,30,25,34,22,35,38,pasto,52,Nariño
675,52019,0,0,0,0,1,0,0,2,0,0,0,0,0,1,0,0,0,1,0,1,0,alban,52,Nariño
676,52022,1,0,0,0,0,1,0,0,1,0,0,0,0,0,0,0,0,0,0,0,0,aldana,52,Nariño
677,52036,0,0,0,1,1,0,1,0,0,0,0,0,0,2,0,0,0,0,0,0,0,ancuya,52,Nariño
678,52051,1,0,1,0,0,0,0,0,0,0,0,0,0,0,0,0,0,0,0,1,0,arboleda,52,Nariño
679,52079,0,0,1,0,0,0,0,1,1,0,0,0,0,0,1,0,0,0,1,0,0,barbacoas,52,Nariño
680,52083,0,0,0,1,0,0,2,0,0,0,0,0,0,1,0,0,0,0,0,0,0,belen,52,Nariño
681,52110,1,0,1,0,0,0,0,0,2,0,0,0,1,0,0,0,0,1,2,2,1,buesaco,52,Nariño
682,52203,0,0,0,0,0,0,0,0,0,1,0,0,0,0,0,0,1,0,0,0,0,colon,52,Nariño
683,52207,0,0,0,1,0,0,0,0,0,0,0,0,0,0,0,0,0,2,0,0,0,consaca,52,Nariño
684,52210,0,0,0,1,1,0,0,0,1,2,0,0,0,1,0,0,0,0,0,0,0,contadero,52,Nariño
685,52215,0,0,0,0,1,0,0,0,0,0,0,1,0,0,0,0,0,0,0,1,0,cordoba,52,Nariño
686,52224,0,0,0,0,0,0,0,0,0,0,0,0,0,1,0,0,0,1,0,0,0,cuaspud carlosama,52,Nariño
687,52227,0,0,1,0,0,1,1,0,0,1,0,0,1,0,0,1,0,0,2,0,1,cumbal,52,Nariño
688,52233,0,0,0,0,0,2,0,0,0,0,0,0,0,0,0,1,0,0,1,0,0,cumbitara,52,Nariño
689,52240,0,0,0,0,0,0,0,1,0,0,0,2,0,1,0,1,0,0,0,1,0,chachagui,52,Nariño
690,52250,0,0,0,0,0,0,1,0,0,0,0,0,0,0,0,0,0,1,1,0,0,el charco,52,Nariño
691,52256,0,0,0,0,0,0,1,0,0,0,0,0,0,0,0,0,1,0,0,1,0,el rosario,52,Nariño
692,52258,0,0,0,0,0,0,0,0,0,0,0,0,0,0,0,0,0,0,0,0,1,el tablon de gomez,52,Nariño
693,52260,0,0,1,0,1,0,2,1,0,0,0,0,1,0,3,0,0,3,1,3,0,el tambo,52,Nariño
694,52287,0,0,1,0,0,0,0,0,0,0,0,0,0,0,0,0,2,0,0,0,0,funes,52,Nariño
695,52317,0,0,0,0,1,0,0,0,0,0,2,0,0,0,0,1,0,0,0,1,1,guachucal,52,Nariño
696,52320,0,0,0,0,0,1,0,0,0,2,0,1,0,0,0,0,1,1,1,0,0,guaitarilla,52,Nariño
697,52323,0,0,0,0,0,0,0,0,0,0,0,4,0,1,0,1,0,1,0,0,1,gualmatan,52,Nariño
698,52352,0,0,0,0,0,0,0,0,0,0,0,0,1,0,0,0,0,0,0,0,0,iles,52,Nariño
699,52354,0,0,0,0,0,1,0,0,0,0,0,0,0,0,0,1,0,1,0,0,0,imues,52,Nariño
700,52356,2,2,2,2,2,3,2,3,4,5,0,5,4,4,6,2,2,4,8,4,7,ipiales,52,Nariño
701,52378,0,1,0,3,1,1,1,0,0,1,1,1,1,1,0,0,2,0,2,0,2,la cruz,52,Nariño
702,52381,0,0,0,0,1,0,0,0,0,0,0,0,0,0,0,0,0,0,1,0,0,la florida,52,Nariño
703,52385,1,0,0,0,0,0,0,0,0,0,0,0,1,0,0,0,0,0,0,1,0,la llanada,52,Nariño
704,52399,1,1,0,1,0,0,1,0,0,1,0,0,2,0,0,0,0,1,0,0,1,la union,52,Nariño
705,52405,0,0,0,0,0,0,0,0,0,0,0,0,0,0,0,0,0,0,0,1,0,leiva,52,Nariño
706,52411,0,0,0,0,0,2,0,0,0,0,1,0,2,0,0,3,0,1,1,1,0,linares,52,Nariño
707,52418,0,0,0,1,0,0,0,0,0,0,0,1,0,0,1,1,0,1,0,1,1,los andes,52,Nariño
708,52427,0,1,0,0,0,0,0,0,0,0,0,0,0,0,0,0,0,0,0,0,0,magui,52,Nariño
709,52435,0,1,0,0,0,0,0,0,0,1,0,0,0,1,1,0,0,0,0,0,0,mallama,52,Nariño
710,52473,0,1,1,0,0,0,0,0,0,0,0,0,0,1,0,0,0,0,0,0,0,mosquera,52,Nariño
711,52506,0,0,0,0,0,0,0,0,0,0,2,0,0,0,0,0,0,0,1,0,0,ospina,52,Nariño
712,52540,0,0,0,0,0,1,0,0,0,0,0,0,1,0,0,0,0,0,0,1,1,policarpa,52,Nariño
713,52560,0,0,0,0,0,0,2,0,0,0,0,1,0,0,0,0,0,1,0,0,0,potosi,52,Nariño
714,52565,0,0,0,0,0,0,0,0,0,0,0,0,0,0,0,0,0,0,1,0,0,providencia,52,Nariño
715,52573,0,0,1,0,0,0,0,0,0,0,0,0,0,0,1,0,0,1,0,0,0,puerres,52,Nariño
716,52585,0,0,1,0,1,1,1,0,0,0,0,1,0,1,1,0,1,1,2,2,0,pupiales,52,Nariño
717,52612,0,1,0,0,0,0,1,0,0,0,0,0,1,0,0,0,0,0,0,0,0,ricaurte,52,Nariño
718,52621,0,0,0,0,0,0,0,0,0,0,0,0,0,0,1,0,0,0,1,0,0,roberto payan,52,Nariño
719,52678,0,0,1,0,0,1,1,0,1,0,1,0,0,0,2,0,0,0,1,3,0,samaniego,52,Nariño
720,52683,1,0,0,1,3,1,1,0,0,1,1,3,0,1,2,2,0,1,0,1,0,sandona,52,Nariño
721,52685,0,0,1,0,0,0,0,0,0,0,0,0,0,0,1,0,1,0,1,0,0,san bernardo,52,Nariño
722,52687,0,1,0,0,0,0,1,0,0,0,0,0,0,0,1,0,0,0,1,0,1,san lorenzo,52,Nariño
723,52693,0,0,0,1,0,1,0,0,1,0,0,0,0,2,0,0,0,0,1,1,2,san pablo,52,Nariño
724,52694,0,0,0,0,0,0,1,0,0,0,0,0,0,1,0,0,0,0,0,0,0,san pedro de cartago,52,Nariño
725,52699,1,0,0,0,0,0,0,0,0,1,0,0,0,0,0,1,1,0,0,0,0,santacruz,52,Nariño
726,52720,0,0,0,0,0,0,0,0,0,1,0,0,0,0,0,0,0,1,1,0,0,sapuyes,52,Nariño
727,52786,1,0,0,2,1,0,0,0,0,0,0,0,2,1,0,1,0,0,0,0,0,taminango,52,Nariño
728,52788,0,0,0,1,0,0,0,1,1,0,1,0,0,1,0,0,1,1,0,0,0,tangua,52,Nariño
729,52835,1,0,1,5,3,0,1,2,3,2,7,7,5,8,6,2,4,9,6,5,11,san andres de tumaco,52,Nariño
730,52838,0,1,0,0,0,0,0,1,3,1,0,2,3,0,3,2,0,1,2,0,0,tuquerres,52,Nariño
731,52885,0,0,0,0,0,0,1,0,1,0,0,0,0,1,0,0,0,2,0,1,1,yacuanquer,52,Nariño
732,54001,27,23,26,22,26,33,26,45,35,34,31,34,40,49,43,46,60,59,64,69,61,san jose de cucuta,54,Norte de Santander
733,54003,0,1,0,0,0,0,0,0,1,1,1,2,1,0,1,2,2,1,0,1,2,abrego,54,Norte de Santander
734,54051,0,0,0,0,0,0,0,0,0,1,0,0,0,0,0,1,0,0,0,0,0,arboledas,54,Norte de Santander
735,54099,1,0,0,0,0,0,0,0,0,1,0,0,1,0,0,2,1,0,1,0,1,bochalema,54,Norte de Santander
736,54109,0,0,0,0,0,0,0,0,0,1,0,0,0,0,0,0,1,0,0,0,0,bucarasica,54,Norte de Santander
737,54125,0,0,0,0,1,0,0,0,0,0,0,0,0,0,0,0,0,0,0,0,0,cacota,54,Norte de Santander
738,54128,0,0,0,0,0,0,0,0,0,0,0,0,0,0,0,0,0,0,1,0,0,cachira,54,Norte de Santander
739,54172,0,0,0,0,1,0,0,0,1,1,2,2,1,0,0,0,0,0,1,0,1,chinacota,54,Norte de Santander
740,54174,0,0,0,0,0,0,0,0,0,0,0,0,0,0,0,0,0,0,3,0,0,chitaga,54,Norte de Santander
741,54206,0,1,0,0,0,1,0,0,0,0,0,0,0,1,1,0,0,0,0,0,1,convencion,54,Norte de Santander
742,54223,2,0,0,0,0,0,1,0,0,0,0,0,1,0,0,0,0,1,0,0,0,cucutilla,54,Norte de Santander
743,54239,1,0,0,1,0,0,1,0,1,0,0,0,0,0,0,0,0,2,1,1,0,durania,54,Norte de Santander
744,54245,0,0,0,0,0,0,1,0,1,0,0,0,0,0,0,2,0,1,0,0,0,el carmen,54,Norte de Santander
745,54250,0,0,0,0,0,0,0,0,1,0,0,0,0,0,1,0,0,0,0,0,0,el tarra,54,Norte de Santander
746,54261,0,0,0,1,1,0,1,0,2,0,0,0,1,0,0,0,0,0,0,3,1,el zulia,54,Norte de Santander
747,54313,2,0,2,0,0,0,0,0,0,0,1,0,1,0,0,1,0,0,0,0,0,gramalote,54,Norte de Santander
748,54347,0,0,0,0,0,0,0,0,0,0,0,1,0,0,0,0,0,0,0,0,0,herran,54,Norte de Santander
749,54377,0,0,0,0,0,0,0,0,0,0,1,2,0,0,0,0,0,0,0,0,1,labateca,54,Norte de Santander
750,54385,0,0,1,0,0,0,0,0,0,0,0,1,0,0,0,0,0,1,0,0,0,la esperanza,54,Norte de Santander
751,54398,0,0,0,0,0,0,0,0,0,0,0,0,0,0,0,0,0,0,1,0,1,la playa,54,Norte de Santander
752,54405,1,2,1,3,2,2,1,0,2,3,2,0,4,3,3,4,5,2,2,7,4,los patios,54,Norte de Santander
753,54418,0,0,0,0,0,0,0,0,0,1,0,0,0,0,0,0,1,0,0,0,0,lourdes,54,Norte de Santander
754,54480,0,0,0,0,0,0,0,0,1,0,0,0,0,0,0,0,0,0,0,0,0,mutiscua,54,Norte de Santander
755,54498,0,3,0,2,4,4,3,7,0,6,3,4,3,6,8,12,5,3,7,4,14,ocana,54,Norte de Santander
756,54518,6,1,4,5,0,3,1,3,1,5,3,2,2,2,0,3,2,1,3,1,4,pamplona,54,Norte de Santander
757,54520,0,0,0,0,0,0,0,0,0,0,0,1,0,0,1,0,0,0,0,0,1,pamplonita,54,Norte de Santander
758,54553,0,0,0,0,0,0,0,0,0,0,0,0,0,0,0,0,1,1,0,0,2,puerto santander,54,Norte de Santander
759,54599,0,0,0,0,0,0,0,0,0,0,0,0,1,0,0,0,0,0,0,0,1,ragonvalia,54,Norte de Santander
760,54660,0,0,0,0,0,0,0,0,1,0,0,0,1,0,1,1,0,2,0,0,0,salazar,54,Norte de Santander
761,54670,0,0,0,0,0,0,0,0,1,0,0,0,0,0,1,0,0,0,0,0,0,san calixto,54,Norte de Santander
762,54673,0,0,0,0,0,0,1,0,1,1,0,0,0,0,0,0,0,0,0,0,0,san cayetano,54,Norte de Santander
763,54680,0,0,0,0,0,0,1,1,0,0,0,0,1,0,0,0,0,0,0,0,0,santiago,54,Norte de Santander
764,54720,0,0,0,0,1,1,1,0,0,0,2,0,0,0,0,1,1,0,1,1,1,sardinata,54,Norte de Santander
765,54743,0,0,0,0,0,0,0,0,0,0,0,0,0,1,0,0,0,0,0,0,0,silos,54,Norte de Santander
766,54800,1,0,0,0,0,0,0,0,0,0,0,0,0,1,0,0,0,0,1,1,1,teorama,54,Norte de Santander
767,54810,1,0,2,0,1,0,0,0,0,0,0,0,0,2,0,1,1,1,1,1,0,tibu,54,Norte de Santander
768,54820,0,1,0,0,1,1,0,0,0,0,0,0,0,0,0,0,0,1,0,0,2,toledo,54,Norte de Santander
769,54871,0,1,0,0,0,0,1,0,0,2,1,0,0,0,0,0,0,0,0,0,0,villa caro,54,Norte de Santander
770,54874,1,1,4,3,0,1,1,3,2,3,4,3,2,2,1,4,4,2,3,3,3,villa del rosario,54,Norte de Santander
771,63001,14,9,13,18,11,22,21,26,21,20,25,25,21,25,33,33,37,25,30,34,37,armenia,63,Quindio
772,63111,0,0,0,0,0,0,0,0,0,0,0,0,0,1,0,0,0,0,0,0,0,buenavista,63,Quindio
773,63130,6,1,6,2,2,1,4,4,5,7,3,6,3,3,6,6,8,5,6,3,6,calarca,63,Quindio
774,63190,2,0,1,1,0,3,3,4,0,3,3,0,0,3,0,1,4,1,2,0,2,circasia,63,Quindio
775,63212,0,0,1,0,0,1,0,1,0,0,0,0,0,0,1,0,0,0,0,0,0,cordoba,63,Quindio
776,63272,0,1,0,0,0,0,0,0,0,2,0,1,1,0,0,0,0,1,0,0,0,filandia,63,Quindio
777,63302,0,0,0,0,1,1,0,0,0,0,2,2,1,1,0,0,1,0,0,2,0,genova,63,Quindio
778,63401,1,2,1,2,1,2,1,2,1,3,2,0,2,1,4,5,1,1,4,3,2,la tebaida,63,Quindio
779,63470,1,0,0,4,0,2,1,3,2,1,1,2,2,1,5,3,3,1,6,5,1,montenegro,63,Quindio
780,63548,0,1,0,0,1,0,0,0,0,0,0,0,0,1,0,0,1,0,0,0,1,pijao,63,Quindio
781,63594,0,2,0,2,1,2,3,1,2,2,0,2,1,1,4,2,3,2,0,1,1,quimbaya,63,Quindio
782,63690,0,0,0,1,0,1,0,0,0,0,2,0,0,1,1,0,0,1,0,2,0,salento,63,Quindio
783,66001,17,34,29,20,28,38,24,36,30,29,36,29,29,38,49,33,50,67,38,51,65,pereira,66,Risaralda
784,66045,0,1,2,1,1,0,2,1,1,0,0,1,1,0,1,2,1,1,0,4,1,apia,66,Risaralda
785,66075,0,0,0,0,0,0,0,0,0,0,1,2,0,1,1,0,1,0,0,0,0,balboa,66,Risaralda
786,66088,0,1,2,0,1,0,0,0,0,2,2,0,1,3,1,0,3,0,4,3,2,belen de umbria,66,Risaralda
787,66170,3,6,7,4,5,8,9,12,5,8,5,13,16,15,9,15,24,13,22,24,16,dosquebradas,66,Risaralda
788,66318,0,1,0,1,0,0,0,2,0,1,1,0,1,0,2,0,0,0,1,2,0,guatica,66,Risaralda
789,66383,0,1,1,0,0,0,0,0,0,1,1,0,2,0,1,0,0,1,0,1,0,la celia,66,Risaralda
790,66400,1,1,1,1,3,1,3,2,3,4,3,2,2,3,4,4,4,2,4,3,5,la virginia,66,Risaralda
791,66440,0,0,1,2,0,0,2,1,1,1,3,1,0,1,1,1,3,0,1,1,1,marsella,66,Risaralda
792,66456,0,0,0,0,0,0,0,1,1,0,1,0,1,0,0,0,0,0,0,0,0,mistrato,66,Risaralda
793,66572,0,0,0,1,0,0,0,1,0,0,0,0,0,2,0,0,0,1,0,0,0,pueblo rico,66,Risaralda
794,66594,2,1,1,2,1,2,1,0,0,0,0,1,1,4,3,1,1,2,2,2,0,quinchia,66,Risaralda
795,66682,4,6,3,4,4,6,2,4,4,2,4,2,6,4,2,4,3,4,9,12,8,santa rosa de cabal,66,Risaralda
796,66687,2,0,2,0,2,1,0,1,1,2,0,0,1,0,1,0,1,0,0,0,2,santuario,66,Risaralda
797,68001,46,43,30,35,46,48,39,29,30,39,35,50,47,32,39,61,77,65,66,64,84,bucaramanga,68,Santander
798,68013,0,0,0,0,0,0,0,0,0,0,0,0,0,1,0,0,0,0,0,0,0,aguada,68,Santander
799,68020,0,0,0,0,1,0,0,0,0,0,0,0,0,1,0,0,0,0,0,0,0,albania,68,Santander
800,68051,0,0,0,0,0,0,0,0,0,0,1,0,0,0,1,0,0,0,0,2,1,aratoca,68,Santander
801,68077,1,0,2,0,1,1,0,3,1,1,0,1,1,0,2,1,3,0,2,0,2,barbosa,68,Santander
802,68079,0,0,0,1,0,1,0,1,0,0,0,0,0,0,0,0,0,2,0,2,1,barichara,68,Santander
803,68081,4,6,12,4,11,9,11,5,10,6,9,10,10,14,7,9,13,15,11,26,28,barrancabermeja,68,Santander
804,68092,0,0,1,0,0,0,0,0,0,0,0,0,0,0,0,0,0,0,1,0,0,betulia,68,Santander
805,68101,0,1,1,0,0,0,0,0,0,1,0,1,0,0,0,0,0,0,2,0,0,bolivar,68,Santander
806,68121,0,0,0,0,0,0,0,0,0,0,0,0,0,1,0,0,0,0,0,0,0,cabrera,68,Santander
807,68147,0,0,1,0,1,0,0,0,0,0,1,1,1,0,0,0,0,1,0,0,0,capitanejo,68,Santander
808,68162,0,0,0,0,0,0,0,0,0,1,0,0,0,0,0,0,1,0,0,0,0,cerrito,68,Santander
809,68167,1,1,2,0,0,0,1,0,0,0,0,0,0,0,0,3,1,0,2,0,0,charala,68,Santander
810,68169,0,0,0,0,0,0,0,0,0,0,0,0,0,0,0,0,0,2,0,0,1,charta,68,Santander
811,68179,0,1,0,0,1,0,0,0,0,0,0,0,0,0,0,0,0,0,0,0,0,chipata,68,Santander
812,68190,0,1,0,0,1,0,1,1,0,1,1,1,1,1,0,0,0,0,0,2,1,cimitarra,68,Santander
813,68207,0,0,0,0,1,1,1,0,1,0,0,1,0,0,0,0,0,0,0,1,0,concepcion,68,Santander
814,68209,0,0,0,0,0,0,0,0,0,0,0,0,1,0,0,0,0,0,0,0,0,confines,68,Santander
815,68211,0,0,0,0,0,1,0,0,1,0,0,1,0,0,0,0,0,1,0,0,0,contratacion,68,Santander
816,68217,0,0,0,0,0,0,0,0,0,0,0,0,1,1,0,0,0,0,0,1,0,coromoro,68,Santander
817,68229,0,0,0,0,0,0,0,0,0,1,0,0,0,0,0,0,1,0,0,2,2,curiti,68,Santander
818,68235,0,0,0,0,0,0,0,0,1,2,0,0,0,1,1,0,0,1,0,1,0,el carmen de chucuri,68,Santander
819,68245,0,0,0,0,0,0,0,1,0,0,0,1,0,0,0,0,0,0,0,0,0,el guacamayo,68,Santander
820,68250,0,0,0,0,0,0,0,0,0,0,0,0,1,0,0,0,0,0,0,0,1,el penon,68,Santander
821,68255,0,0,1,0,0,1,0,0,0,1,0,2,0,1,0,0,0,0,0,0,0,el playon,68,Santander
822,68266,0,0,0,0,1,0,0,0,0,0,0,0,0,0,0,0,0,0,0,0,0,enciso,68,Santander
823,68271,0,0,0,0,0,0,0,0,0,0,0,0,0,0,0,1,0,0,0,0,0,florian,68,Santander
824,68276,6,6,10,16,14,12,23,18,19,9,17,21,16,20,12,25,23,23,18,29,32,floridablanca,68,Santander
825,68296,1,0,0,0,1,0,0,1,0,0,0,0,0,0,0,0,0,0,0,0,0,galan,68,Santander
826,68307,2,3,3,7,8,5,5,4,6,6,6,10,3,7,11,14,10,9,7,13,13,giron,68,Santander
827,68318,0,1,0,0,0,0,0,0,0,0,1,0,0,0,0,0,0,1,0,0,1,guaca,68,Santander
828,68320,1,1,0,0,0,0,0,0,0,0,0,0,0,0,0,0,0,0,0,1,0,guadalupe,68,Santander
829,68322,0,0,0,1,0,0,0,0,0,0,0,0,0,0,0,0,0,0,0,1,0,guapota,68,Santander
830,68324,0,0,0,0,0,0,0,0,0,0,0,0,2,0,0,0,0,0,0,0,0,guavata,68,Santander
831,68327,0,0,0,0,0,0,0,0,0,0,0,0,0,0,0,0,0,0,1,0,0,guepsa,68,Santander
832,68344,1,0,0,0,0,0,0,0,0,0,0,0,0,0,0,0,0,0,0,0,0,hato,68,Santander
833,68385,0,0,0,1,1,0,1,0,0,1,0,1,0,0,1,0,0,0,0,1,0,landazuri,68,Santander
834,68397,0,0,0,0,0,0,0,0,1,0,0,0,0,0,0,0,0,0,0,0,0,la paz,68,Santander
835,68406,0,0,0,0,0,0,1,0,1,0,2,3,0,1,1,2,1,2,2,1,0,lebrija,68,Santander
836,68418,0,1,0,0,0,1,0,0,0,1,0,0,1,0,1,0,0,0,0,0,0,los santos,68,Santander
837,68432,1,0,2,0,0,3,2,0,1,1,1,0,2,1,1,0,2,1,0,0,0,malaga,68,Santander
838,68444,0,0,0,0,0,0,0,0,1,0,0,1,0,0,1,0,0,0,0,0,0,matanza,68,Santander
839,68464,0,0,1,0,1,0,0,1,0,0,0,0,0,0,0,0,0,0,0,2,1,mogotes,68,Santander
840,68468,0,0,0,0,0,1,1,0,0,0,0,0,0,0,0,1,0,0,0,0,0,molagavita,68,Santander
841,68498,0,0,0,0,0,0,0,0,0,0,0,0,0,0,1,1,0,0,0,0,0,ocamonte,68,Santander
842,68500,1,0,0,0,1,1,0,0,1,0,1,0,0,0,0,0,1,0,1,0,1,oiba,68,Santander
843,68502,0,0,0,0,0,0,2,0,1,0,0,0,0,0,0,1,0,2,0,0,1,onzaga,68,Santander
844,68522,0,0,0,0,1,0,0,0,0,0,0,0,0,0,0,0,0,0,0,1,0,palmar,68,Santander
845,68547,1,2,3,5,3,1,7,5,5,10,5,6,5,3,1,8,10,10,11,14,12,piedecuesta,68,Santander
846,68549,0,0,0,0,0,0,0,0,0,0,0,1,0,0,0,0,0,0,0,0,1,pinchote,68,Santander
847,68572,0,0,0,0,0,0,0,0,0,0,0,1,0,0,0,1,0,0,2,3,0,puente nacional,68,Santander
848,68573,0,0,0,0,0,0,0,0,0,0,0,2,0,0,0,0,0,0,0,0,0,puerto parra,68,Santander
849,68575,0,1,1,0,2,0,0,1,0,2,0,0,0,0,1,0,1,2,0,1,0,puerto wilches,68,Santander
850,68615,1,3,0,0,1,1,0,0,1,1,1,1,0,1,0,0,0,3,0,0,2,rionegro,68,Santander
851,68655,0,0,0,0,0,0,1,0,2,0,1,1,3,0,1,1,1,0,3,0,1,sabana de torres,68,Santander
852,68669,1,1,0,0,1,0,1,1,0,0,0,0,0,0,0,0,0,1,1,0,0,san andres,68,Santander
853,68673,0,0,1,0,0,0,0,0,0,0,0,0,0,0,0,0,0,0,0,0,0,san benito,68,Santander
854,68679,3,2,2,1,3,6,3,1,3,1,8,5,2,3,1,5,6,4,3,3,2,san gil,68,Santander
855,68682,0,0,0,0,0,0,1,0,0,0,0,0,1,0,1,0,0,0,0,0,1,san joaquin,68,Santander
856,68684,0,0,0,0,0,0,0,0,0,0,0,0,0,0,1,0,0,0,0,0,0,san jose de miranda,68,Santander
857,68686,0,0,0,0,0,0,0,0,0,0,0,0,0,1,0,0,1,0,0,0,0,san miguel,68,Santander
858,68689,2,1,0,1,0,0,0,1,1,0,2,1,1,2,1,1,1,1,3,0,1,san vicente de chucuri,68,Santander
859,68745,0,0,0,0,0,0,0,0,0,1,0,0,0,1,0,0,0,0,0,0,0,simacota,68,Santander
860,68755,1,0,0,1,2,1,0,1,0,1,1,2,1,0,1,3,3,2,2,2,4,socorro,68,Santander
861,68770,0,1,1,0,0,0,0,1,0,0,0,0,0,0,0,0,0,0,1,0,1,suaita,68,Santander
862,68773,0,0,0,0,0,0,0,0,0,0,0,1,0,0,0,0,1,0,0,0,0,sucre,68,Santander
863,68780,0,0,0,0,0,0,0,0,0,0,0,0,0,0,0,1,0,0,0,0,0,surata,68,Santander
864,68855,1,0,0,0,1,0,0,0,1,0,0,0,0,0,1,0,0,0,1,0,0,valle de san jose,68,Santander
865,68861,0,0,0,0,0,0,0,0,0,1,2,1,0,0,1,0,1,0,1,0,1,velez,68,Santander
866,68872,1,0,0,0,0,0,1,0,0,0,1,0,0,1,0,0,1,0,0,1,1,villanueva,68,Santander
867,68895,1,1,0,0,1,1,1,3,1,1,0,1,0,0,2,0,1,0,0,1,0,zapatoca,68,Santander
868,68999,0,0,0,0,0,1,0,0,0,0,0,0,0,0,0,0,0,0,0,0,0,0,68,Santander
869,70001,7,8,7,10,6,12,10,4,11,10,14,19,10,14,17,14,14,25,21,28,22,sincelejo,70,Sucre
870,70110,0,0,0,0,0,0,0,0,0,0,0,0,0,0,0,0,0,1,0,0,0,buenavista,70,Sucre
871,70124,0,0,0,0,0,0,1,0,0,0,0,0,1,0,0,1,0,0,0,1,0,caimito,70,Sucre
872,70204,1,0,0,0,0,0,0,0,0,0,0,0,0,0,0,0,0,0,0,1,0,coloso,70,Sucre
873,70215,0,3,3,3,2,3,3,2,2,1,3,2,1,1,2,4,3,3,3,3,8,corozal,70,Sucre
874,70230,1,0,0,0,0,0,0,1,0,0,1,0,0,0,0,0,0,0,0,0,0,chalan,70,Sucre
875,70233,0,0,1,0,0,0,0,1,1,0,0,0,0,0,0,2,0,1,1,0,0,el roble,70,Sucre
876,70235,0,0,0,0,0,1,1,0,0,0,0,0,0,0,1,0,0,2,0,1,1,galeras,70,Sucre
877,70265,0,0,0,0,0,0,0,0,0,0,0,0,1,0,0,0,0,0,0,1,0,guaranda,70,Sucre
878,70400,0,1,0,0,1,0,2,0,0,0,0,0,0,0,0,1,0,0,1,1,0,la union,70,Sucre
879,70418,1,0,2,1,1,0,0,1,0,1,2,0,0,2,1,1,0,0,0,2,0,los palmitos,70,Sucre
880,70429,0,0,0,1,0,1,1,0,0,1,0,0,2,0,0,0,0,0,1,1,0,majagual,70,Sucre
881,70473,0,2,0,0,3,1,1,0,0,1,1,0,0,0,0,2,0,0,1,0,0,morroa,70,Sucre
882,70508,0,0,0,3,0,2,2,0,0,0,0,0,2,0,0,1,1,0,1,0,0,ovejas,70,Sucre
883,70670,1,1,0,0,0,1,2,1,1,3,1,5,0,0,0,2,0,0,2,2,1,sampues,70,Sucre
884,70678,0,0,0,0,0,1,0,0,0,0,1,0,1,1,0,0,1,2,0,1,2,san benito abad,70,Sucre
885,70702,0,0,0,0,0,0,0,0,0,0,1,1,1,0,0,1,0,0,0,1,1,san juan de betulia,70,Sucre
886,70708,1,0,0,1,2,1,0,1,0,0,1,0,2,1,0,2,2,0,1,0,0,san marcos,70,Sucre
887,70713,2,1,1,0,1,3,0,0,0,0,2,1,1,1,3,2,1,0,1,0,2,san onofre,70,Sucre
888,70717,0,0,0,0,0,0,0,1,0,0,0,0,1,1,0,1,0,1,0,1,0,san pedro,70,Sucre
889,70742,0,0,0,1,2,1,0,1,1,2,0,2,5,0,1,2,1,4,0,1,0,san luis de since,70,Sucre
890,70771,0,0,1,0,0,0,0,0,1,1,0,0,0,1,3,0,0,1,0,0,0,sucre,70,Sucre
891,70820,0,0,1,0,2,0,1,1,0,2,1,3,1,0,1,1,1,1,0,2,1,santiago de tolu,70,Sucre
892,70823,1,0,0,0,1,0,0,2,0,0,0,1,0,0,0,0,1,1,1,1,1,san jose de toluviejo,70,Sucre
893,70999,0,0,0,0,0,0,0,0,0,0,0,0,1,0,0,0,0,0,0,0,0,0,70,Sucre
894,73001,8,6,21,33,26,28,21,32,27,43,41,27,45,41,44,47,46,50,48,49,52,ibague,73,Tolima
895,73024,0,0,0,0,0,0,0,0,0,0,0,0,0,0,0,1,0,0,0,0,0,alpujarra,73,Tolima
896,73026,1,0,0,1,0,0,0,0,0,1,0,2,0,0,0,1,0,0,2,1,0,alvarado,73,Tolima
897,73030,0,0,0,0,0,1,0,0,1,0,1,0,0,0,0,0,0,1,0,1,0,ambalema,73,Tolima
898,73043,0,0,0,0,0,0,0,0,0,1,0,0,1,0,0,0,1,1,0,1,0,anzoategui,73,Tolima
899,73055,0,0,1,0,1,1,0,1,0,1,0,1,0,0,0,1,0,1,2,1,0,armero,73,Tolima
900,73067,0,0,0,0,0,1,0,1,0,1,1,0,0,2,0,0,1,1,0,0,1,ataco,73,Tolima
901,73124,0,1,0,2,0,1,2,0,2,0,0,0,2,2,0,0,2,3,0,1,1,cajamarca,73,Tolima
902,73148,0,0,1,0,0,0,0,0,0,1,1,0,0,0,0,1,0,1,0,2,0,carmen de apicala,73,Tolima
903,73152,1,0,0,0,0,0,0,0,0,0,0,0,0,2,0,0,1,0,0,1,0,casabianca,73,Tolima
904,73168,1,0,1,2,2,1,0,1,1,3,0,0,2,0,0,2,1,0,2,4,2,chaparral,73,Tolima
905,73200,0,0,1,0,0,0,1,0,1,1,0,0,0,0,0,1,0,0,1,0,0,coello,73,Tolima
906,73217,0,2,0,0,0,2,0,1,0,0,1,0,0,1,0,0,0,0,0,0,0,coyaima,73,Tolima
907,73226,0,0,0,0,0,1,0,1,0,0,0,0,0,1,0,0,0,0,0,0,1,cunday,73,Tolima
908,73236,0,0,0,0,0,1,0,0,1,1,1,0,1,0,0,0,0,0,0,1,0,dolores,73,Tolima
909,73268,0,1,4,6,3,10,3,6,6,7,3,8,3,6,5,12,6,11,11,12,9,espinal,73,Tolima
910,73270,1,1,0,0,0,0,0,1,0,0,0,1,0,0,0,1,0,0,0,0,1,falan,73,Tolima
911,73275,0,0,1,1,1,1,1,0,1,0,1,1,3,2,4,1,3,1,4,2,5,flandes,73,Tolima
912,73283,1,0,1,0,0,4,0,0,3,1,0,3,1,2,1,1,0,2,4,0,1,fresno,73,Tolima
913,73319,2,2,0,1,1,3,0,1,0,3,4,4,2,0,2,1,1,1,4,2,0,guamo,73,Tolima
914,73347,0,0,0,1,0,0,0,1,0,0,0,0,0,0,0,0,0,0,0,0,0,herveo,73,Tolima
915,73349,2,0,0,1,1,1,3,1,1,1,1,0,1,2,4,2,3,2,5,2,7,honda,73,Tolima
916,73352,0,0,0,2,0,0,1,0,0,0,0,0,0,0,0,2,0,0,1,0,0,icononzo,73,Tolima
917,73408,1,0,0,2,1,0,2,0,1,0,1,1,0,0,0,2,1,0,2,3,1,lerida,73,Tolima
918,73411,3,2,1,1,0,3,1,1,0,3,3,0,6,1,2,4,4,5,1,2,3,libano,73,Tolima
919,73443,1,2,2,1,0,1,0,1,1,0,2,3,2,1,0,1,5,2,3,0,4,san sebastian de mariquita,73,Tolima
920,73449,0,0,0,1,0,2,2,2,2,1,1,2,2,2,2,0,0,2,2,3,3,melgar,73,Tolima
921,73461,0,0,0,0,0,0,0,0,0,0,0,0,0,0,1,0,0,0,0,0,0,murillo,73,Tolima
922,73483,0,2,1,1,0,0,0,2,0,2,0,1,1,1,3,0,0,0,0,1,1,natagaima,73,Tolima
923,73504,1,0,0,0,0,0,1,0,0,0,0,1,1,0,1,4,0,1,3,0,0,ortega,73,Tolima
924,73520,0,0,0,0,1,0,0,0,0,1,0,0,0,0,1,0,2,0,1,0,0,palocabildo,73,Tolima
925,73547,0,0,0,0,0,0,0,0,1,0,0,1,1,0,0,0,0,0,0,1,0,piedras,73,Tolima
926,73555,1,0,0,0,0,1,0,0,0,0,1,0,0,2,1,0,2,1,0,0,0,planadas,73,Tolima
927,73563,2,1,0,2,0,0,0,0,0,1,2,0,2,0,0,0,0,1,0,1,2,prado,73,Tolima
928,73585,2,2,4,1,1,3,2,0,1,3,2,0,1,1,2,5,0,0,5,2,3,purificacion,73,Tolima
929,73616,0,0,0,0,0,0,0,0,1,0,1,2,0,0,0,0,0,0,0,0,1,rioblanco,73,Tolima
930,73622,0,0,0,0,0,0,0,0,0,0,0,0,0,1,0,1,0,1,0,0,0,roncesvalles,73,Tolima
931,73624,2,0,1,1,0,0,2,1,1,0,0,0,1,2,0,3,1,2,2,0,1,rovira,73,Tolima
932,73671,0,0,2,0,1,0,1,0,0,0,0,0,0,1,0,3,1,0,2,0,1,saldana,73,Tolima
933,73675,0,0,0,0,0,0,0,2,0,1,0,0,1,0,2,0,2,0,0,1,0,san antonio,73,Tolima
934,73678,0,1,1,1,0,0,0,2,1,0,1,0,1,1,0,1,0,0,0,0,0,san luis,73,Tolima
935,73686,0,0,0,0,1,0,0,0,1,0,1,0,0,1,1,0,0,0,0,0,1,santa isabel,73,Tolima
936,73770,0,0,1,0,0,0,0,2,0,0,0,0,0,0,1,0,0,0,1,0,0,suarez,73,Tolima
937,73854,0,1,0,0,0,0,0,0,1,0,0,0,0,0,2,0,0,0,1,2,1,valle de san juan,73,Tolima
938,73861,0,0,0,0,2,2,1,1,1,0,1,1,0,2,0,2,1,0,0,2,1,venadillo,73,Tolima
939,73870,0,0,0,0,0,0,0,0,0,0,0,0,1,0,0,1,1,2,0,0,1,villahermosa,73,Tolima
940,75840,0,0,1,0,0,2,0,2,1,0,0,0,0,0,0,0,0,0,0,0,0,0,75,0
941,75862,0,2,0,0,0,2,2,0,0,1,0,0,0,0,0,0,0,0,0,0,0,0,75,0
942,75998,0,1,0,1,0,0,0,2,0,0,0,0,0,0,0,0,0,0,0,0,0,0,75,0
943,76001,123,137,146,145,154,151,159,141,164,191,162,166,209,185,194,211,246,231,252,257,294,cali,76,Valle del Cauca
944,76020,2,1,0,0,0,1,2,0,0,2,1,1,1,1,1,1,2,1,2,0,1,alcala,76,Valle del Cauca
945,76036,0,1,0,2,1,0,0,0,0,0,4,0,0,0,4,1,2,2,1,2,2,andalucia,76,Valle del Cauca
946,76041,0,0,0,1,0,2,1,0,0,1,0,1,0,0,1,2,1,1,1,0,0,ansermanuevo,76,Valle del Cauca
947,76054,0,0,0,1,0,1,0,0,0,0,0,0,0,0,0,0,0,1,0,0,0,argelia,76,Valle del Cauca
948,76100,0,1,0,0,2,0,1,1,1,0,2,0,1,0,0,0,0,2,1,0,3,bolivar,76,Valle del Cauca
949,76109,7,7,5,9,8,12,9,10,11,9,9,10,11,13,11,18,14,11,22,13,18,buenaventura,76,Valle del Cauca
950,76111,5,8,11,9,10,9,10,11,11,6,10,10,11,6,10,14,10,13,16,12,12,guadalajara de buga,76,Valle del Cauca
951,76113,1,2,2,0,3,1,1,2,2,2,1,0,2,1,2,1,0,1,2,3,5,bugalagrande,76,Valle del Cauca
952,76122,2,3,1,1,1,0,0,0,4,1,3,2,2,0,3,3,0,1,2,5,3,caicedonia,76,Valle del Cauca
953,76126,1,0,1,1,0,0,2,0,0,0,0,2,1,0,0,0,0,2,2,1,2,calima,76,Valle del Cauca
954,76130,0,3,2,2,7,4,3,4,3,4,4,1,3,3,5,5,8,3,6,2,10,candelaria,76,Valle del Cauca
955,76147,9,14,8,12,6,15,15,9,16,12,18,13,9,9,8,4,13,23,15,11,18,cartago,76,Valle del Cauca
956,76233,1,2,1,0,2,0,1,1,0,3,2,0,1,1,0,2,1,1,1,0,2,dagua,76,Valle del Cauca
957,76243,0,0,0,0,0,0,0,0,0,0,1,0,0,1,0,0,1,0,0,1,1,el aguila,76,Valle del Cauca
958,76246,0,0,1,0,0,0,0,0,0,1,0,0,0,0,0,2,0,1,0,0,0,el cairo,76,Valle del Cauca
959,76248,4,4,0,5,4,3,4,3,2,6,6,4,2,4,9,2,3,4,4,9,10,el cerrito,76,Valle del Cauca
960,76250,0,0,0,0,0,2,0,0,1,1,0,2,1,0,0,0,0,1,1,1,1,el dovio,76,Valle del Cauca
961,76275,3,1,1,6,2,0,2,6,4,5,4,6,5,2,0,2,2,6,3,2,7,florida,76,Valle del Cauca
962,76306,0,1,0,1,0,0,1,1,4,2,1,0,2,1,2,3,2,0,2,2,4,ginebra,76,Valle del Cauca
963,76318,2,1,0,2,4,2,0,2,1,2,3,2,2,0,2,3,0,3,6,4,0,guacari,76,Valle del Cauca
964,76364,4,0,3,5,8,8,5,5,6,6,1,2,5,12,4,6,6,9,9,17,11,jamundi,76,Valle del Cauca
965,76377,0,0,1,0,0,1,1,0,1,1,0,1,0,1,0,0,1,1,1,1,0,la cumbre,76,Valle del Cauca
966,76400,1,0,3,3,2,2,1,1,3,0,2,1,1,1,2,2,5,3,3,3,1,la union,76,Valle del Cauca
967,76403,0,1,1,1,1,0,2,2,1,0,0,0,0,0,0,0,5,0,1,2,1,la victoria,76,Valle del Cauca
968,76497,0,0,1,1,2,0,0,1,1,2,1,2,1,1,1,0,1,4,0,0,2,obando,76,Valle del Cauca
969,76520,20,19,24,18,18,22,30,21,21,17,15,24,20,28,17,26,36,25,36,38,44,palmira,76,Valle del Cauca
970,76563,0,4,3,3,1,1,2,2,4,1,2,4,3,4,0,4,2,1,1,2,4,pradera,76,Valle del Cauca
971,76606,0,1,2,1,1,0,0,0,0,0,0,1,0,2,2,0,0,0,3,0,0,restrepo,76,Valle del Cauca
972,76616,0,0,0,0,0,1,1,0,1,0,0,1,1,0,2,0,0,0,0,0,1,riofrio,76,Valle del Cauca
973,76622,1,0,3,1,2,1,2,2,1,1,1,6,4,6,2,3,1,4,1,1,2,roldanillo,76,Valle del Cauca
974,76670,0,0,0,0,1,1,0,0,1,1,0,0,0,1,1,0,0,1,0,0,0,san pedro,76,Valle del Cauca
975,76736,0,3,1,1,3,3,2,2,0,4,0,1,3,2,1,5,2,4,4,1,7,sevilla,76,Valle del Cauca
976,76823,0,1,0,2,1,0,1,2,1,1,1,0,0,0,0,0,0,1,0,2,0,toro,76,Valle del Cauca
977,76828,0,3,1,1,2,0,1,0,1,2,1,1,2,0,0,1,0,1,3,3,1,trujillo,76,Valle del Cauca
978,76834,6,7,8,17,7,16,13,11,17,17,18,17,16,15,15,16,19,27,17,23,24,tulua,76,Valle del Cauca
979,76845,1,0,0,0,0,0,0,1,0,0,0,0,1,0,0,0,0,0,1,0,0,ulloa,76,Valle del Cauca
980,76863,0,1,1,0,0,0,0,0,0,3,1,1,1,0,1,0,1,0,1,1,1,versalles,76,Valle del Cauca
981,76869,0,1,0,2,0,0,0,1,0,1,0,1,0,1,1,0,0,1,1,1,0,vijes,76,Valle del Cauca
982,76890,0,1,0,0,0,1,1,0,0,1,1,0,1,3,1,1,1,1,2,2,2,yotoco,76,Valle del Cauca
983,76892,0,2,5,2,4,2,6,4,7,2,10,9,3,4,9,0,5,9,10,6,9,yumbo,76,Valle del Cauca
984,76895,3,1,6,4,7,1,1,3,3,7,3,4,4,5,0,2,1,0,3,3,5,zarzal,76,Valle del Cauca
985,76999,0,0,0,0,0,2,0,1,1,1,0,0,0,0,0,0,0,0,0,0,0,0,76,Valle del Cauca
986,81001,0,3,3,2,0,3,6,3,1,6,2,6,2,5,3,5,7,5,6,2,6,arauca,81,Arauca
987,81065,0,0,0,0,0,0,1,0,0,0,0,2,0,2,1,1,1,2,0,4,0,arauquita,81,Arauca
988,81220,0,0,0,0,0,0,1,0,0,0,0,0,1,0,1,0,0,0,0,0,1,cravo norte,81,Arauca
989,81300,0,0,2,0,0,0,1,0,0,1,0,1,0,0,0,1,0,0,1,0,0,fortul,81,Arauca
990,81591,0,0,0,0,0,0,0,0,0,1,0,1,1,0,0,0,0,0,0,0,0,puerto rondon,81,Arauca
991,81736,1,0,2,0,2,1,0,2,1,3,1,2,2,3,3,3,0,3,0,0,3,saravena,81,Arauca
992,81794,0,0,0,1,1,1,1,3,0,0,2,0,2,3,1,1,3,2,3,3,2,tame,81,Arauca
993,85001,1,1,0,4,1,1,0,6,2,0,2,3,5,4,6,3,4,3,6,8,7,yopal,85,Casanare
994,85010,0,0,0,0,0,0,0,0,0,0,3,0,1,1,2,0,1,2,1,1,1,aguazul,85,Casanare
995,85015,0,0,0,0,0,0,0,0,0,0,0,0,0,0,0,0,1,0,0,0,0,chameza,85,Casanare
996,85125,0,0,0,0,0,1,0,1,0,0,0,0,0,0,0,1,0,1,0,0,0,hato corozal,85,Casanare
997,85139,0,0,0,0,0,0,0,0,0,0,0,0,2,0,1,1,1,0,2,0,0,mani,85,Casanare
998,85162,0,0,0,0,1,0,0,1,1,2,0,0,1,0,4,0,0,0,0,2,0,monterrey,85,Casanare
999,85230,0,0,0,0,0,0,0,0,0,0,0,0,0,0,0,0,1,1,2,1,0,orocue,85,Casanare
1000,85250,0,1,1,2,0,1,0,2,0,2,1,0,3,0,1,1,1,1,2,2,4,paz de ariporo,85,Casanare
1001,85263,0,0,0,0,0,0,0,0,0,0,0,1,0,0,1,0,0,0,0,0,1,pore,85,Casanare
1002,85300,0,1,0,0,0,1,0,0,0,0,0,0,0,0,0,0,0,0,0,0,0,sabanalarga,85,Casanare
1003,85325,1,0,0,0,1,0,1,0,0,0,1,0,0,0,0,0,0,0,0,0,0,san luis de palenque,85,Casanare
1004,85410,0,0,0,0,0,0,0,0,1,1,0,0,0,0,0,0,0,0,2,1,0,tauramena,85,Casanare
1005,85430,0,0,0,1,1,0,0,0,0,0,0,0,0,0,0,0,0,0,0,0,0,trinidad,85,Casanare
1006,85440,0,0,1,0,1,1,0,0,0,0,0,1,0,1,1,3,0,1,1,1,0,villanueva,85,Casanare
1007,86001,0,1,0,1,0,1,3,0,2,2,0,1,1,2,1,2,0,1,3,1,2,mocoa,86,Putumayo
1008,86219,0,0,0,0,0,1,0,0,0,0,0,0,0,0,1,0,0,0,1,1,1,colon,86,Putumayo
1009,86320,1,0,0,0,0,0,0,0,1,0,0,0,0,1,0,1,1,3,0,1,3,orito,86,Putumayo
1010,86568,0,1,1,0,0,0,0,0,1,0,2,1,0,0,3,0,2,5,1,1,3,puerto asis,86,Putumayo
1011,86569,0,0,0,0,0,0,0,0,0,0,0,0,0,0,0,0,0,0,0,1,0,puerto caicedo,86,Putumayo
1012,86571,0,0,0,0,0,0,0,0,0,0,0,0,0,0,0,0,0,2,1,0,1,puerto guzman,86,Putumayo
1013,86573,0,0,0,0,0,0,0,1,0,0,0,0,0,0,0,0,0,0,0,1,2,puerto leguizamo,86,Putumayo
1014,86749,0,0,0,0,0,1,2,1,0,0,1,0,1,0,0,0,0,0,0,0,0,sibundoy,86,Putumayo
1015,86755,0,0,0,0,0,0,0,0,0,0,0,0,0,0,0,1,1,1,0,0,0,san francisco,86,Putumayo
1016,86757,0,0,0,0,0,0,0,0,0,0,0,0,0,0,1,0,1,0,2,0,0,san miguel,86,Putumayo
1017,86760,0,0,0,0,0,0,0,0,0,0,0,0,1,0,0,0,1,0,0,0,0,santiago,86,Putumayo
1018,86865,0,0,0,0,0,0,0,0,0,0,0,2,0,1,2,0,1,0,1,1,0,valle del guamuez,86,Putumayo
1019,86885,0,0,0,0,0,0,0,0,0,1,0,0,1,0,0,2,2,1,2,1,0,villagarzon,86,Putumayo
1020,88001,2,2,2,4,3,5,1,6,5,7,2,1,4,5,2,4,2,2,6,4,3,san andres,88,"Archipiélago S.A, P. y Sta. C."
1021,88564,0,0,1,1,1,0,1,0,0,0,0,1,1,1,0,0,0,0,0,1,0,providencia,88,"Archipiélago S.A, P. y Sta. C."
1022,91001,0,1,0,1,3,1,1,0,0,1,0,1,0,1,0,1,0,3,0,1,1,leticia,91,Amazonas
1023,91407,0,0,0,0,0,0,0,0,0,0,0,0,0,0,0,0,2,0,0,0,0,la pedrera,91,Amazonas
1024,94001,0,0,0,0,0,0,0,0,0,0,0,0,1,0,0,0,0,0,0,0,1,inirida,94,Guainía
1025,94883,0,0,0,0,0,0,0,0,0,0,0,0,0,1,0,0,0,0,0,0,0,san felipe,94,Guainía
1026,95001,0,0,0,0,1,1,2,0,0,1,2,1,1,1,0,1,1,2,2,3,1,san jose del guaviare,95,Guaviare
1027,95015,0,0,0,0,0,0,0,0,0,0,0,0,0,1,1,0,2,0,1,0,1,calamar,95,Guaviare
1028,95200,0,0,0,0,0,0,0,0,0,0,0,0,0,1,0,0,0,0,0,0,0,miraflores,95,Guaviare
1029,95999,0,0,0,0,0,0,0,1,0,0,0,0,0,0,0,0,0,0,0,0,0,0,95,Guaviare
1030,97001,0,0,0,0,0,0,0,0,0,1,0,0,0,0,0,0,0,0,0,0,0,mitu,97,Vaupés
1031,97161,0,0,0,1,0,0,0,0,0,0,0,0,0,0,0,0,0,0,0,0,0,caruru,97,Vaupés
1032,97511,0,0,0,0,0,0,0,0,0,0,0,0,0,1,0,0,0,0,0,0,0,pacoa,97,Vaupés
1033,99001,0,2,1,0,0,0,1,1,0,3,0,0,1,0,0,0,0,0,1,1,0,puerto carreno,99,Vichada
1034,99524,0,0,0,0,0,0,0,0,0,0,1,0,0,0,0,0,0,0,0,0,0,la primavera,99,Vichada
1035,99624,0,0,0,0,0,0,0,0,0,0,0,0,0,1,0,0,0,0,0,0,0,santa rosalia,99,Vichada
1036,99773,0,0,0,0,0,0,0,0,0,0,0,1,0,0,0,0,0,0,1,1,0,cumaribo,99,Vichada
1037,99999,0,0,0,0,0,0,0,0,0,0,0,1,1,0,0,0,0,0,0,0,0,0,99,Vichada
1038,999188,0,0,0,0,0,0,0,0,0,0,0,0,0,0,0,0,0,0,0,1,0,0,99,Vichada
1039,999528,0,0,0,0,0,0,0,0,0,0,0,0,0,0,0,1,0,0,0,0,0,0,99,Vichada
1040,999530,0,0,0,0,0,0,0,0,0,0,0,0,0,0,0,0,0,1,0,1,0,0,99,Vichada
1041,999533,0,0,0,0,0,0,0,0,0,0,0,0,0,0,0,0,0,2,0,1,1,0,99,Vichada
1042,999604,0,0,0,0,0,0,0,0,0,0,0,0,0,1,0,0,0,0,0,0,0,0,99,Vichada
1043,999724,0,0,0,0,0,0,0,0,0,0,1,0,0,0,0,0,0,0,0,0,0,0,99,Vichada
1044,999840,0,0,0,0,0,0,0,0,0,0,0,0,0,0,0,0,0,0,2,0,0,0,99,Vichada
1045,999862,0,0,0,0,0,0,0,0,0,0,0,1,0,3,0,0,2,0,1,1,5,0,99,Vichada
1046,999998,0,0,0,0,0,0,0,0,0,0,2,0,0,0,0,0,0,0,0,0,0,0,99,Vichada
